Date,Open,High,Low,Close,Volume,Market Cap
2014-02-14,0.21389899999999998,0.37888299999999997,0.21389899999999998,0.37402399999999997,"15,422","702,537"
2014-02-15,0.331111,0.354461,0.21943400000000002,0.314865,"21,119","1,092,120"
2014-02-16,0.32584,0.459833,0.310345,0.406976,"28,017","1,085,280"
2014-02-17,0.406039,1.5,0.402588,1.45,"178,618","1,360,260"
2014-02-18,1.18,1.5,0.841751,1.04,"160,779","3,960,320"
2014-02-19,1.04,1.21,0.8519950000000001,0.9416469999999999,"60,551","3,497,850"
2014-02-20,0.941944,1.23,0.8948649999999999,1.06,"93,281","3,196,180"
2014-02-21,1.05,1.33,1.02,1.13,"83,008","3,590,320"
2014-02-22,1.12,1.26,0.6965020000000001,1.24,"101,024","3,833,460"
2014-02-23,1.15,3.36,0.6234430000000001,1.15,"115,234","3,945,250"
2014-02-24,1.18,1.19,0.41853199999999996,0.8419030000000001,"109,256","4,082,000"
2014-02-25,0.839383,0.839383,0.527474,0.527474,"69,493","2,902,860"
2014-02-26,0.6203989999999999,0.739818,0.494515,0.619451,"49,321","2,153,440"
2014-02-27,0.616643,0.742251,0.549852,0.61939,"15,148","2,148,350"
2014-02-28,0.6186619999999999,0.6255390000000001,0.458697,0.550661,"60,517","2,163,860"
2014-03-01,0.549616,1.07,0.5289729999999999,0.937342,"252,311","1,929,800"
2014-03-02,0.9360360000000001,1.08,0.8159029999999999,1.03,"148,259","3,298,980"
2014-03-03,1.03,4.4,0.9357489999999999,1.21,"271,197","3,651,050"
2014-03-04,1.21,1.21,0.9708829999999999,0.987557,"90,550","4,283,970"
2014-03-05,0.987192,1.07,0.9411510000000001,1.03,"93,138","3,515,760"
2014-03-06,1.03,1.05,0.952003,1.05,"68,896","3,692,890"
2014-03-07,1.06,1.1,0.877912,0.877912,"112,877","3,787,000"
2014-03-08,0.911867,0.9534940000000001,0.8568600000000001,0.914905,"70,281","3,285,680"
2014-03-09,0.9131889999999999,0.958778,0.806353,0.872964,"48,781","3,296,790"
2014-03-10,0.872114,0.9121600000000001,0.745242,0.8102560000000001,"45,946","3,159,030"
2014-03-11,0.8075979999999999,0.922435,0.764712,0.8913,"42,234","2,934,810"
2014-03-12,0.888208,0.953882,0.8582139999999999,0.865936,"39,530","3,238,290"
2014-03-13,0.865569,0.8950940000000001,0.810772,0.8333360000000001,"31,123","3,166,030"
2014-03-14,0.8333799999999999,0.8460799999999999,0.7851600000000001,0.811341,"26,274","3,057,150"
2014-03-15,0.812077,0.8160569999999999,0.739031,0.7912,"30,817","2,979,000"
2014-03-16,0.791673,0.800764,0.755205,0.775647,"39,429","2,924,440"
2014-03-17,0.772496,0.821393,0.749368,0.781925,"34,416","2,863,030"
2014-03-18,0.77927,0.780172,0.7302930000000001,0.75221,"39,252","2,897,450"
2014-03-19,0.750897,0.7682359999999999,0.728004,0.743559,"35,742","2,800,990"
2014-03-20,0.743256,0.755714,0.701852,0.725089,"42,290","2,781,320"
2014-03-21,0.724498,0.751899,0.679063,0.7046479999999999,"28,087","2,719,600"
2014-03-22,0.704266,0.718955,0.6816939999999999,0.71468,"24,618","2,652,100"
2014-03-23,0.715596,0.728952,0.6934779999999999,0.7182569999999999,"34,977","2,703,390"
2014-03-24,0.719851,0.892484,0.700397,0.866518,"136,677","2,727,950"
2014-03-25,0.8689120000000001,0.9009790000000001,0.795766,0.8201,"78,095","3,302,840"
2014-03-26,0.8194940000000001,0.870226,0.79043,0.858815,"39,790","3,124,140"
2014-03-27,0.864728,0.8655129999999999,0.6835,0.6835,"32,991","3,305,920"
2014-03-28,0.692062,0.774768,0.683257,0.697426,"27,851","2,653,470"
2014-03-29,0.709294,0.728762,0.702573,0.703475,"23,667","2,727,370"
2014-03-30,0.708306,0.7100380000000001,0.612809,0.662486,"30,985","2,731,140"
2014-03-31,0.6651229999999999,0.68689,0.624873,0.641774,"15,608","2,571,600"
2014-04-01,0.641783,0.747204,0.6383850000000001,0.724105,"36,211","2,488,370"
2014-04-02,0.725259,0.7404970000000001,0.5899909999999999,0.6150439999999999,"21,722","2,819,600"
2014-04-03,0.614065,0.6667649999999999,0.573639,0.638183,"18,610","2,393,680"
2014-04-04,0.640371,0.662537,0.6252800000000001,0.648937,"11,863","2,502,840"
2014-04-05,0.640305,0.703904,0.620445,0.700444,"28,674","2,509,580"
2014-04-06,0.700828,0.723713,0.630182,0.641513,"13,167","2,754,220"
2014-04-07,0.6478,0.64933,0.5907220000000001,0.6041,"45,233","2,552,670"
2014-04-08,0.606079,0.6282220000000001,0.5806979999999999,0.603018,"21,411","2,395,150"
2014-04-09,0.603431,0.61673,0.583104,0.587437,"9,604","2,390,830"
2014-04-10,0.587616,0.5916560000000001,0.44896,0.45703599999999994,"16,417","2,334,430"
2014-04-11,0.453743,0.576868,0.44131400000000004,0.5489069999999999,"18,946","1,807,350"
2014-04-12,0.5488310000000001,0.591372,0.535384,0.571875,"18,959","2,191,980"
2014-04-13,0.572342,0.576653,0.520363,0.539027,"15,789","2,291,840"
2014-04-14,0.538982,0.6012,0.521968,0.583917,"29,214","2,164,120"
2014-04-15,0.5879949999999999,0.653352,0.576325,0.647564,"28,751","2,367,280"
2014-04-16,0.655849,0.687299,0.631659,0.655656,"23,860","2,647,720"
2014-04-17,0.6577350000000001,0.6696489999999999,0.610727,0.6158560000000001,"19,435","2,662,660"
2014-04-18,0.618219,1.03,0.612899,0.7897770000000001,"293,384","2,509,430"
2014-04-19,0.794215,0.794215,0.701508,0.736829,"57,416","3,232,440"
2014-04-20,0.747391,0.754119,0.689135,0.7229260000000001,"30,229","3,050,050"
2014-04-21,0.722222,0.745336,0.673071,0.708118,"29,266","2,955,240"
2014-04-22,0.707657,0.728795,0.6661590000000001,0.722089,"72,972","2,903,710"
2014-04-23,0.7227319999999999,1.01,0.713825,0.8730709999999999,"196,373","2,973,610"
2014-04-24,0.871977,1.15,0.871977,1.06,"329,106","3,596,660"
2014-04-25,1.06,1.97,1.0,1.69,"794,049","4,372,240"
2014-04-26,1.71,2.41,1.39,1.72,"1,204,200","7,094,160"
2014-04-27,1.7,2.0,1.54,1.71,"509,028","7,054,200"
2014-04-28,1.67,1.77,1.62,1.67,"198,793","6,957,830"
2014-04-29,1.67,1.7,1.45,1.64,"302,458","6,952,590"
2014-04-30,1.63,1.66,1.49,1.54,"38,202","6,827,410"
2014-05-01,1.54,1.59,1.47,1.52,"232,684","6,438,560"
2014-05-02,1.51,1.54,1.18,1.35,"171,901","6,343,910"
2014-05-03,1.35,1.35,1.14,1.2,"93,670","5,661,610"
2014-05-04,1.19,1.7,1.16,1.55,"275,743","5,002,930"
2014-05-05,1.56,1.84,1.52,1.67,"291,678","6,598,260"
2014-05-06,1.68,1.71,1.6,1.61,"75,746","7,096,260"
2014-05-07,1.61,1.69,1.56,1.63,"100,953","6,817,910"
2014-05-08,1.61,1.74,1.61,1.65,"84,669","6,841,980"
2014-05-09,1.65,2.33,1.63,2.23,"520,876","7,011,350"
2014-05-10,2.23,2.88,2.04,2.57,"854,388","9,492,880"
2014-05-11,2.54,2.82,2.54,2.57,"569,871","10,825,500"
2014-05-12,2.56,2.66,2.15,2.47,"760,914","10,934,800"
2014-05-13,2.47,2.8,2.43,2.77,"415,759","10,560,100"
2014-05-14,2.75,4.69,2.72,4.01,"1,721,090","11,779,400"
2014-05-15,4.01,7.34,4.0,5.76,"3,215,550","17,183,700"
2014-05-16,5.84,6.62,4.99,5.92,"2,408,390","25,025,600"
2014-05-17,5.92,6.07,4.11,4.74,"1,637,800","25,430,500"
2014-05-18,4.71,6.38,4.22,6.38,"2,041,030","20,236,200"
2014-05-19,6.48,7.22,6.12,6.94,"1,655,720","27,873,100"
2014-05-20,6.93,7.06,6.13,6.88,"1,290,930","29,834,300"
2014-05-21,6.88,8.0,6.78,7.99,"1,414,570","29,664,200"
2014-05-22,8.0,11.23,7.98,11.23,"4,383,980","34,518,300"
2014-05-23,11.15,15.03,11.06,13.49,"7,267,510","48,114,100"
2014-05-24,13.51,13.85,10.63,12.1,"3,637,020","58,371,700"
2014-05-25,12.06,15.15,11.85,15.13,"3,625,030","52,126,000"
2014-05-26,15.02,15.18,8.4,11.29,"260,919","64,986,200"
2014-05-27,11.27,12.07,8.31,10.57,"3,730,600","48,786,600"
2014-05-28,10.59,10.68,6.94,7.21,"3,909,160","45,895,300"
2014-05-29,7.16,9.94,6.13,9.38,"6,110,000","31,060,800"
2014-05-30,9.38,11.97,8.41,11.05,"5,769,570","40,678,700"
2014-05-31,11.09,12.5,10.99,11.33,"2,675,190","48,142,000"
2014-06-01,11.24,13.75,11.19,12.93,"3,460,750","48,841,800"
2014-06-02,12.92,16.0,12.73,14.48,"4,918,700","56,183,900"
2014-06-03,14.52,14.67,12.81,13.9,"3,096,930","63,173,000"
2014-06-04,13.83,13.89,12.03,12.5,"1,454,730","60,216,600"
2014-06-05,12.46,12.62,10.61,10.61,"1,336,970","54,275,500"
2014-06-06,10.61,12.1,10.15,11.77,"1,613,890","46,236,900"
2014-06-07,11.8,11.8,10.38,10.38,"506,101","51,452,900"
2014-06-08,10.42,11.0,8.75,9.5,"1,585,220","45,474,400"
2014-06-09,9.5,9.82,8.68,9.54,"1,311,350","41,476,200"
2014-06-10,9.56,11.84,9.42,11.65,"1,541,710","41,793,000"
2014-06-11,11.65,11.65,10.27,10.27,"724,358","50,928,300"
2014-06-12,10.38,11.35,10.02,10.18,"895,885","45,377,400"
2014-06-13,10.16,10.89,10.16,10.64,"426,354","44,453,800"
2014-06-14,10.68,10.68,9.78,10.24,"514,834","46,763,800"
2014-06-15,10.24,10.35,9.54,10.35,"274,260","44,895,900"
2014-06-16,10.23,10.44,10.09,10.13,"427,550","44,871,400"
2014-06-17,10.12,10.45,10.04,10.21,"305,768","44,424,600"
2014-06-18,10.29,10.52,9.91,10.22,"475,249","45,190,900"
2014-06-19,10.22,11.12,10.0,10.97,"589,450","44,912,000"
2014-06-20,10.98,12.4,8.92,10.34,"4,047,720","48,306,500"
2014-06-21,10.24,10.24,8.91,9.29,"1,003,310","45,082,300"
2014-06-22,9.3,9.95,9.27,9.46,"287,288","40,952,800"
2014-06-23,9.45,10.03,9.45,9.8,"345,384","41,650,300"
2014-06-24,9.8,9.9,9.44,9.44,"327,520","43,214,300"
2014-06-25,9.42,9.53,8.99,8.99,"243,528","41,587,200"
2014-06-26,8.97,10.63,8.97,10.0,"942,175","39,622,400"
2014-06-27,10.07,10.25,9.84,10.09,"362,067","44,475,800"
2014-06-28,9.84,9.86,9.34,9.53,"287,441","43,494,000"
2014-06-29,9.51,9.73,9.12,9.23,"262,898","42,086,500"
2014-06-30,9.19,9.44,8.28,8.93,"1,216,120","40,669,900"
2014-07-01,8.93,9.13,7.82,7.9,"689,084","39,564,800"
2014-07-02,7.97,8.3,6.14,6.99,"1,070,360","35,317,900"
2014-07-03,7.0,8.37,6.19,7.82,"946,899","31,051,700"
2014-07-04,7.77,8.05,7.56,7.56,"250,875","34,491,300"
2014-07-05,7.5,7.54,6.48,7.12,"414,546","33,295,300"
2014-07-06,7.13,7.33,6.02,6.66,"349,136","31,701,100"
2014-07-07,6.67,6.87,6.16,6.53,"237,262","29,664,700"
2014-07-08,6.98,7.64,6.82,7.17,"578,868","31,048,700"
2014-07-09,7.17,7.41,7.09,7.1,"255,938","31,920,700"
2014-07-10,7.11,7.15,6.36,6.79,"299,842","31,652,000"
2014-07-11,6.77,6.98,6.48,6.52,"354,126","30,178,400"
2014-07-12,6.57,6.7,6.45,6.54,"136,625","29,318,500"
2014-07-13,6.54,6.65,6.33,6.35,"189,565","29,207,800"
2014-07-14,6.36,6.44,6.04,6.2,"255,024","28,401,500"
2014-07-15,6.18,6.46,5.67,6.3,"388,889","27,620,600"
2014-07-16,6.32,6.5,5.75,6.35,"351,827","28,261,700"
2014-07-17,6.38,7.78,6.25,7.44,"699,285","28,560,700"
2014-07-18,7.42,7.9,6.95,7.21,"729,493","33,232,100"
2014-07-19,7.21,7.23,7.0,7.06,"99,443","32,320,400"
2014-07-20,7.06,7.26,6.96,7.11,"137,239","31,670,100"
2014-07-21,7.11,7.15,6.69,6.77,"121,175","31,914,400"
2014-07-22,6.76,6.76,6.26,6.41,"183,517","30,373,400"
2014-07-23,6.4,6.69,6.35,6.37,"134,307","28,768,400"
2014-07-24,6.37,6.49,6.13,6.18,"167,948","28,622,700"
2014-07-25,6.18,6.22,6.02,6.07,"234,015","27,805,400"
2014-07-26,6.08,6.08,5.77,5.97,"175,004","27,359,100"
2014-07-27,5.97,5.97,5.71,5.83,"175,722","26,902,000"
2014-07-28,5.83,5.87,5.17,5.17,"405,543","26,303,900"
2014-07-29,5.19,5.28,4.68,4.79,"294,949","23,416,800"
2014-07-30,4.8,4.94,4.3,4.45,"329,136","21,674,000"
2014-07-31,4.46,5.61,4.39,5.57,"387,401","20,134,700"
2014-08-01,5.55,5.81,5.22,5.64,"252,698","25,079,000"
2014-08-02,5.63,6.0,5.62,5.71,"185,190","25,475,400"
2014-08-03,5.7,6.13,5.58,5.8,"280,722","25,819,300"
2014-08-04,5.82,5.82,5.3,5.31,"179,607","26,380,600"
2014-08-05,5.31,5.47,5.2,5.41,"107,685","24,053,200"
2014-08-06,5.39,5.89,5.39,5.77,"211,361","24,444,200"
2014-08-07,5.77,5.84,5.49,5.65,"140,303","26,184,200"
2014-08-08,5.66,6.05,5.65,5.99,"269,415","25,676,800"
2014-08-09,6.03,6.04,5.53,5.59,"235,890","27,396,600"
2014-08-10,5.6,5.86,5.39,5.72,"218,033","25,451,100"
2014-08-11,5.72,5.74,5.05,5.08,"223,309","26,027,300"
2014-08-12,5.07,5.15,4.91,5.02,"94,300","23,097,300"
2014-08-13,5.02,5.09,4.34,4.86,"287,212","22,864,000"
2014-08-14,4.87,4.91,3.87,4.06,"197,663","22,211,800"
2014-08-15,4.09,4.41,3.41,3.64,"276,892","18,640,900"
2014-08-16,3.64,3.64,2.92,2.92,"296,592","16,619,900"
2014-08-17,2.94,3.04,2.2,2.36,"370,021","13,439,000"
2014-08-18,2.36,2.49,1.37,1.54,"699,964","10,783,300"
2014-08-19,1.55,3.32,1.44,3.32,"674,022","7,077,960"
2014-08-20,3.36,3.91,3.18,3.81,"722,557","15,377,700"
2014-08-21,3.8,3.89,3.37,3.38,"241,925","17,412,100"
2014-08-22,3.37,3.42,2.81,3.17,"286,798","15,430,600"
2014-08-23,3.17,3.31,2.98,2.99,"132,039","14,503,600"
2014-08-24,2.99,3.13,2.98,3.09,"64,140","13,697,900"
2014-08-25,3.09,3.09,2.67,2.68,"133,764","14,164,300"
2014-08-26,2.69,2.88,2.57,2.72,"157,503","12,326,200"
2014-08-27,2.72,2.72,2.18,2.29,"328,963","12,514,400"
2014-08-28,2.29,2.55,2.15,2.37,"158,460","10,516,400"
2014-08-29,2.38,2.59,2.36,2.55,"148,519","10,944,500"
2014-08-30,2.55,2.6,2.35,2.43,"85,691","11,735,400"
2014-08-31,2.44,2.47,2.22,2.41,"112,735","11,238,900"
2014-09-01,2.4,2.42,2.27,2.27,"73,377","11,072,200"
2014-09-02,2.27,2.36,2.26,2.32,"52,918","10,450,100"
2014-09-03,2.32,2.78,2.3,2.64,"173,985","10,716,400"
2014-09-04,2.66,3.4,2.6,3.08,"393,252","12,295,500"
2014-09-05,3.09,3.09,2.68,2.84,"241,196","14,256,300"
2014-09-06,2.84,3.21,2.79,2.98,"221,277","13,110,700"
2014-09-07,2.98,3.09,2.9,2.9,"70,704","13,777,400"
2014-09-08,2.9,2.95,2.74,2.78,"89,576","13,432,500"
2014-09-09,2.78,2.93,2.73,2.91,"58,552","12,872,700"
2014-09-10,2.91,2.95,2.82,2.82,"61,808","13,508,300"
2014-09-11,2.82,2.87,2.77,2.8,"39,876","13,101,500"
2014-09-12,2.81,2.85,2.73,2.85,"64,957","13,041,200"
2014-09-13,2.85,2.89,2.77,2.87,"85,324","13,233,400"
2014-09-14,2.88,2.91,2.77,2.8,"93,526","13,379,600"
2014-09-15,2.8,3.37,2.77,3.07,"288,266","13,008,200"
2014-09-16,3.09,3.36,3.04,3.33,"130,826","14,358,700"
2014-09-17,3.33,3.88,3.3,3.75,"574,556","15,496,100"
2014-09-18,3.78,3.95,3.59,3.87,"438,932","17,592,300"
2014-09-19,3.87,3.92,3.37,3.43,"353,146","18,024,200"
2014-09-20,3.43,3.58,3.14,3.18,"211,501","15,998,300"
2014-09-21,3.18,3.27,2.92,2.97,"142,460","14,832,500"
2014-09-22,2.97,3.4,2.97,3.36,"138,652","13,883,800"
2014-09-23,3.36,3.51,3.17,3.4,"146,543","15,705,000"
2014-09-24,3.42,10.31,3.34,3.34,"74,906","15,981,900"
2014-09-25,3.34,3.34,2.93,3.0,"102,167","15,629,100"
2014-09-26,3.0,3.05,2.8,2.89,"99,224","14,055,000"
2014-09-27,2.88,2.97,2.77,2.84,"69,607","13,511,200"
2014-09-28,2.84,3.04,2.75,2.9,"120,161","13,315,400"
2014-09-29,2.9,3.05,2.82,2.85,"75,316","13,597,700"
2014-09-30,2.86,2.97,2.62,2.7,"154,649","13,412,300"
2014-10-01,2.7,2.88,2.45,2.46,"223,263","12,700,400"
2014-10-02,2.46,2.49,2.41,2.44,"45,955","11,578,000"
2014-10-03,2.44,2.52,2.36,2.4,"58,977","11,461,000"
2014-10-04,2.4,2.5,2.16,2.24,"55,246","11,314,000"
2014-10-05,2.24,2.32,2.07,2.25,"54,743","10,532,900"
2014-10-06,2.25,2.42,2.14,2.25,"51,204","10,621,800"
2014-10-07,2.25,2.34,2.05,2.13,"149,260","10,621,100"
2014-10-08,2.12,2.36,2.09,2.34,"61,348","10,013,700"
2014-10-09,2.33,2.46,2.26,2.4,"107,387","11,026,600"
2014-10-10,2.39,2.47,2.23,2.24,"63,434","11,325,100"
2014-10-11,2.24,2.28,2.04,2.17,"103,367","10,585,800"
2014-10-12,2.16,2.18,2.04,2.14,"90,788","10,251,400"
2014-10-13,2.13,2.62,2.04,2.57,"136,242","10,100,600"
2014-10-14,2.57,2.57,2.04,2.06,"218,533","12,198,800"
2014-10-15,2.07,2.24,2.0,2.07,"87,647","9,824,590"
2014-10-16,2.07,2.3,2.07,2.18,"104,953","9,846,070"
2014-10-17,2.18,2.48,2.14,2.27,"82,247","10,347,500"
2014-10-18,2.28,2.36,2.21,2.29,"40,729","10,828,300"
2014-10-19,2.29,2.32,2.24,2.27,"41,570","10,921,900"
2014-10-20,2.26,2.28,2.08,2.11,"111,213","10,792,100"
2014-10-21,2.1,2.19,2.06,2.08,"70,427","10,034,800"
2014-10-22,2.07,2.19,2.04,2.07,"100,270","9,888,470"
2014-10-23,2.07,2.12,2.03,2.11,"50,299","9,884,060"
2014-10-24,2.1,2.11,2.0,2.04,"61,719","10,052,600"
2014-10-25,2.03,2.05,1.92,1.92,"40,232","9,697,730"
2014-10-26,1.92,2.01,1.9,1.93,"40,296","9,181,280"
2014-10-27,1.93,1.96,1.9,1.91,"31,037","9,228,950"
2014-10-28,1.92,1.95,1.88,1.9,"33,227","9,221,770"
2014-10-29,1.89,1.91,1.6,1.61,"135,790","9,097,940"
2014-10-30,1.61,1.8,1.61,1.79,"90,240","7,731,250"
2014-10-31,1.78,1.82,1.73,1.79,"53,915","8,565,990"
2014-11-01,1.79,1.82,1.62,1.67,"32,686","8,623,210"
2014-11-02,1.67,1.75,1.65,1.66,"41,301","8,040,050"
2014-11-03,1.66,1.73,1.63,1.63,"38,374","7,996,890"
2014-11-04,1.62,1.71,1.57,1.65,"67,425","7,836,300"
2014-11-05,1.65,1.78,1.65,1.75,"61,099","7,955,980"
2014-11-06,1.75,1.99,1.74,1.99,"82,374","8,460,600"
2014-11-07,1.99,2.5,1.99,2.13,"383,517","9,635,590"
2014-11-08,2.13,2.76,2.12,2.73,"310,275","10,305,200"
2014-11-09,2.73,3.01,2.68,2.99,"375,396","13,233,100"
2014-11-10,2.98,3.0,2.52,2.53,"311,577","14,455,600"
2014-11-11,2.54,2.65,2.38,2.43,"193,795","12,292,600"
2014-11-12,2.43,2.85,2.43,2.64,"229,563","11,786,600"
2014-11-13,2.66,2.77,2.47,2.58,"108,337","12,889,400"
2014-11-14,2.56,2.56,2.29,2.41,"106,611","12,427,100"
2014-11-15,2.42,2.5,2.29,2.49,"83,032","11,770,700"
2014-11-16,2.48,2.77,2.48,2.74,"135,202","12,072,000"
2014-11-17,2.73,2.78,2.29,2.33,"225,043","13,283,300"
2014-11-18,2.33,2.45,2.3,2.36,"217,493","11,318,600"
2014-11-19,2.37,2.44,2.34,2.38,"87,226","11,515,900"
2014-11-20,2.37,2.37,2.25,2.26,"111,780","11,543,700"
2014-11-21,2.26,2.27,2.2,2.22,"52,991","11,033,900"
2014-11-22,2.22,2.3,2.2,2.26,"56,526","10,836,200"
2014-11-23,2.26,2.33,2.24,2.31,"52,642","11,007,000"
2014-11-24,2.3,2.39,2.27,2.32,"59,481","11,219,600"
2014-11-25,2.31,2.42,2.28,2.37,"59,745","11,270,300"
2014-11-26,2.37,2.44,2.33,2.36,"98,080","11,580,000"
2014-11-27,2.39,2.4,2.29,2.32,"85,433","11,715,200"
2014-11-28,2.33,2.41,2.28,2.38,"46,759","11,398,800"
2014-11-29,2.38,2.44,2.35,2.37,"57,108","11,650,000"
2014-11-30,2.4,2.43,2.34,2.39,"43,116","11,762,700"
2014-12-01,2.38,2.41,2.35,2.37,"46,362","11,682,300"
2014-12-02,2.36,2.45,2.33,2.43,"93,651","11,572,600"
2014-12-03,2.43,2.44,2.36,2.43,"78,398","11,919,100"
2014-12-04,2.43,2.46,2.32,2.33,"72,131","11,960,500"
2014-12-05,2.33,2.38,2.31,2.37,"53,824","11,434,000"
2014-12-06,2.37,2.39,2.33,2.35,"50,201","11,636,200"
2014-12-07,2.36,2.39,2.33,2.37,"64,326","11,614,600"
2014-12-08,2.38,2.38,2.28,2.3,"39,250","11,700,300"
2014-12-09,2.29,2.3,2.2,2.26,"42,493","11,274,800"
2014-12-10,2.26,2.27,2.22,2.24,"39,110","11,141,100"
2014-12-11,2.23,2.33,2.2,2.29,"34,058","11,019,200"
2014-12-12,2.26,2.28,2.25,2.27,"31,940","11,154,900"
2014-12-13,2.27,2.27,2.22,2.24,"26,290","11,197,200"
2014-12-14,2.23,2.26,2.21,2.24,"29,243","11,008,700"
2014-12-15,2.24,2.24,2.11,2.13,"80,270","11,055,400"
2014-12-16,2.13,2.13,1.97,1.98,"71,365","10,533,600"
2014-12-17,1.98,2.01,1.85,1.94,"90,504","9,799,650"
2014-12-18,1.94,1.94,1.77,1.81,"80,842","9,596,030"
2014-12-19,1.82,1.91,1.78,1.89,"47,170","9,006,200"
2014-12-20,1.88,2.01,1.87,1.98,"43,232","9,327,450"
2014-12-21,1.98,5.78,1.9,1.91,"77,552","9,816,190"
2014-12-22,1.91,2.01,1.86,1.91,"98,570","9,465,580"
2014-12-23,1.9,1.95,1.87,1.92,"41,369","9,456,910"
2014-12-24,1.92,1.99,1.76,1.93,"121,397","9,532,850"
2014-12-25,1.92,1.93,1.78,1.8,"67,416","9,570,580"
2014-12-26,1.82,2.07,1.78,2.03,"81,565","9,051,380"
2014-12-27,2.03,2.03,1.9,1.95,"44,232","10,096,700"
2014-12-28,1.95,1.98,1.92,1.95,"32,002","9,697,080"
2014-12-29,1.95,1.98,1.91,1.91,"51,742","9,731,420"
2014-12-30,1.92,1.95,1.89,1.89,"42,981","9,570,430"
2014-12-31,1.89,1.98,1.88,1.97,"52,644","9,455,910"
2015-01-01,1.97,1.97,1.93,1.94,"14,957","9,860,760"
2015-01-02,1.94,1.95,1.9,1.94,"33,549","9,710,140"
2015-01-03,1.94,1.97,1.72,1.72,"62,136","9,706,160"
2015-01-04,1.72,1.74,1.56,1.63,"60,683","8,596,550"
2015-01-05,1.63,1.69,1.61,1.67,"43,764","8,171,360"
2015-01-06,1.67,1.72,1.63,1.72,"31,130","8,386,380"
2015-01-07,1.72,1.75,1.69,1.72,"28,206","8,606,930"
2015-01-08,1.71,1.74,1.68,1.72,"38,890","8,594,610"
2015-01-09,1.72,1.74,1.69,1.71,"45,656","8,616,520"
2015-01-10,1.73,1.73,1.62,1.66,"65,124","8,665,460"
2015-01-11,1.66,1.69,1.62,1.64,"43,774","8,331,940"
2015-01-12,1.64,1.67,1.62,1.66,"46,532","8,232,030"
2015-01-13,1.66,1.67,1.33,1.35,"77,956","8,343,790"
2015-01-14,1.34,1.35,1.05,1.08,"41,255","6,754,020"
2015-01-15,1.08,1.35,1.08,1.29,"31,672","5,421,460"
2015-01-16,1.29,1.38,1.23,1.28,"67,351","6,493,510"
2015-01-17,1.27,1.29,1.18,1.22,"29,037","6,428,910"
2015-01-18,1.22,1.35,1.19,1.31,"43,795","6,179,800"
2015-01-19,1.31,1.37,1.31,1.37,"53,757","6,640,150"
2015-01-20,1.36,1.43,1.32,1.43,"68,855","6,855,510"
2015-01-21,1.43,1.62,1.42,1.6,"108,223","7,212,260"
2015-01-22,1.6,1.71,1.55,1.63,"73,737","8,084,380"
2015-01-23,1.63,1.64,1.56,1.59,"70,270","8,246,490"
2015-01-24,1.6,1.74,1.58,1.74,"51,767","8,120,840"
2015-01-25,1.74,1.82,1.72,1.81,"60,453","8,801,230"
2015-01-26,1.81,2.09,1.79,1.88,"110,222","9,158,080"
2015-01-27,1.87,1.89,1.68,1.82,"73,397","9,507,040"
2015-01-28,1.82,1.82,1.6,1.65,"67,481","9,238,150"
2015-01-29,1.64,1.68,1.58,1.64,"67,225","8,338,510"
2015-01-30,1.64,1.7,1.61,1.64,"53,994","8,332,160"
2015-01-31,1.64,1.68,1.6,1.61,"33,035","8,341,480"
2015-02-01,1.61,1.93,1.56,1.88,"296,157","8,174,880"
2015-02-02,1.88,1.96,1.78,1.93,"154,511","9,552,660"
2015-02-03,1.93,1.96,1.75,1.79,"62,006","9,820,270"
2015-02-04,1.78,1.86,1.77,1.83,"58,636","9,079,530"
2015-02-05,1.83,1.89,1.73,1.77,"49,522","9,349,800"
2015-02-06,1.77,1.87,1.74,1.79,"40,361","9,042,210"
2015-02-07,1.8,1.87,1.8,1.86,"30,169","9,163,350"
2015-02-08,1.86,1.86,1.8,1.84,"44,831","9,481,190"
2015-02-09,1.84,2.27,1.83,2.17,"270,445","9,392,880"
2015-02-10,2.16,2.49,2.06,2.49,"238,651","11,049,300"
2015-02-11,2.48,3.43,2.46,3.23,"774,898","12,679,100"
2015-02-12,3.2,3.4,2.67,2.81,"549,894","16,383,400"
2015-02-13,2.82,3.29,2.78,2.92,"228,439","14,443,300"
2015-02-14,2.92,3.14,2.75,2.88,"208,369","14,945,200"
2015-02-15,2.89,2.89,2.56,2.76,"212,369","14,819,700"
2015-02-16,2.77,2.9,2.69,2.75,"76,067","14,226,400"
2015-02-17,2.76,2.79,2.63,2.63,"103,557","14,143,700"
2015-02-18,2.64,2.85,2.51,2.84,"98,988","13,550,000"
2015-02-19,2.8,2.86,2.68,2.83,"84,624","14,398,200"
2015-02-20,2.83,2.83,2.66,2.74,"61,415","14,519,800"
2015-02-21,2.74,2.82,2.64,2.78,"110,159","14,076,800"
2015-02-22,2.78,2.86,2.47,2.53,"75,804","14,299,700"
2015-02-23,2.55,2.56,2.44,2.52,"80,898","13,148,500"
2015-02-24,2.53,2.98,2.46,2.94,"170,477","13,013,100"
2015-02-25,2.94,2.96,2.65,2.77,"134,546","15,133,300"
2015-02-26,2.77,2.8,2.67,2.73,"74,935","14,294,000"
2015-02-27,2.73,3.12,2.73,3.04,"118,275","14,100,600"
2015-02-28,3.03,3.24,2.95,3.24,"110,988","15,644,700"
2015-03-01,3.24,3.4,3.15,3.33,"89,917","16,746,200"
2015-03-02,3.33,3.68,3.27,3.62,"154,771","17,189,200"
2015-03-03,3.63,3.7,3.35,3.47,"254,781","18,783,500"
2015-03-04,3.45,3.77,3.4,3.5,"193,537","17,845,300"
2015-03-05,3.5,3.52,3.27,3.41,"146,630","18,128,000"
2015-03-06,3.41,3.47,3.29,3.33,"73,672","17,673,800"
2015-03-07,3.34,3.69,3.32,3.43,"45,834","17,279,300"
2015-03-08,3.43,3.45,3.35,3.39,"32,276","17,790,600"
2015-03-09,3.39,3.65,3.37,3.54,"62,809","17,573,400"
2015-03-10,3.54,3.54,2.92,3.03,"399,669","18,354,800"
2015-03-11,3.05,3.3,3.05,3.13,"169,890","15,804,600"
2015-03-12,3.13,3.22,3.06,3.07,"108,024","16,240,900"
2015-03-13,3.08,3.09,2.86,2.91,"240,126","15,981,700"
2015-03-14,2.9,3.12,2.84,2.93,"140,162","15,051,800"
2015-03-15,2.92,3.14,2.91,3.12,"57,656","15,203,700"
2015-03-16,3.13,3.34,2.97,3.3,"209,706","16,265,900"
2015-03-17,3.31,3.36,3.18,3.27,"82,356","17,203,000"
2015-03-18,3.27,3.4,3.06,3.09,"149,599","17,046,400"
2015-03-19,3.11,3.5,3.06,3.37,"162,473","16,210,100"
2015-03-20,3.35,3.83,3.34,3.7,"290,947","17,437,500"
2015-03-21,3.69,7.11,3.66,4.63,"819,105","19,240,700"
2015-03-22,4.64,4.83,4.32,4.61,"342,711","24,218,700"
2015-03-23,4.61,5.07,4.49,4.98,"354,223","24,081,000"
2015-03-24,4.98,5.25,4.73,5.07,"540,346","26,014,200"
2015-03-25,5.08,6.07,5.04,5.28,"902,236","26,565,000"
2015-03-26,5.28,5.56,4.77,4.99,"480,884","27,621,600"
2015-03-27,4.99,5.1,4.66,4.76,"218,735","26,088,700"
2015-03-28,4.75,5.05,4.71,5.04,"206,446","24,851,500"
2015-03-29,5.03,5.04,4.54,4.6,"216,958","26,317,500"
2015-03-30,4.6,4.61,4.03,4.34,"447,970","24,108,800"
2015-03-31,4.34,4.35,3.96,4.02,"163,313","22,752,100"
2015-04-01,4.02,4.02,3.7,3.83,"242,957","21,088,600"
2015-04-02,3.82,4.6,3.82,4.54,"271,324","20,066,500"
2015-04-03,4.52,4.56,4.28,4.36,"138,373","23,736,400"
2015-04-04,4.36,4.37,3.95,4.13,"185,199","22,879,800"
2015-04-05,4.12,4.21,3.95,4.17,"136,532","21,661,800"
2015-04-06,4.17,4.23,4.03,4.09,"115,405","21,906,600"
2015-04-07,4.09,4.12,3.72,3.78,"205,259","21,522,900"
2015-04-08,3.77,3.86,3.55,3.68,"144,498","19,854,100"
2015-04-09,3.68,3.87,3.38,3.42,"172,424","19,400,600"
2015-04-10,3.42,3.45,3.09,3.23,"185,593","18,016,800"
2015-04-11,3.24,3.43,3.24,3.33,"87,373","17,055,300"
2015-04-12,3.34,3.41,3.26,3.3,"46,830","17,591,400"
2015-04-13,3.31,3.32,3.15,3.21,"93,897","17,454,100"
2015-04-14,3.19,3.21,3.06,3.1,"68,149","16,840,800"
2015-04-15,3.1,3.12,2.98,3.02,"82,324","16,367,500"
2015-04-16,3.02,3.1,2.98,3.01,"83,054","15,979,400"
2015-04-17,3.01,3.03,2.78,2.83,"118,954","15,927,600"
2015-04-18,2.83,2.93,2.8,2.93,"45,925","14,999,500"
2015-04-19,2.93,2.93,2.78,2.8,"57,969","15,488,700"
2015-04-20,2.8,2.83,2.65,2.65,"112,126","14,803,700"
2015-04-21,2.65,2.91,2.62,2.89,"80,103","14,033,800"
2015-04-22,2.89,3.35,2.87,3.25,"191,228","15,328,200"
2015-04-23,3.25,3.74,3.1,3.63,"275,604","17,232,600"
2015-04-24,3.63,3.63,3.06,3.18,"184,435","19,273,000"
2015-04-25,3.19,3.29,3.07,3.1,"56,721","16,941,600"
2015-04-26,3.1,3.1,2.93,3.05,"95,532","16,447,900"
2015-04-27,3.05,3.16,2.92,2.99,"88,755","16,204,900"
2015-04-28,2.99,3.06,2.91,3.04,"68,693","15,929,400"
2015-04-29,3.02,3.05,2.89,2.97,"30,506","16,075,700"
2015-04-30,2.97,3.02,2.89,2.97,"84,241","15,814,200"
2015-05-01,2.97,3.01,2.69,2.74,"149,552","15,845,500"
2015-05-02,2.74,2.85,2.73,2.75,"46,992","14,605,900"
2015-05-03,2.75,2.83,2.69,2.7,"63,544","14,652,000"
2015-05-04,2.71,3.02,2.66,2.88,"104,785","14,479,000"
2015-05-05,2.88,2.9,2.78,2.85,"26,546","15,365,200"
2015-05-06,2.85,2.98,2.81,2.82,"48,370","15,229,100"
2015-05-07,2.82,2.85,2.74,2.81,"60,248","15,056,800"
2015-05-08,2.81,2.84,2.73,2.76,"51,411","15,037,500"
2015-05-09,2.77,2.79,2.71,2.76,"35,280","14,836,700"
2015-05-10,2.76,2.76,2.66,2.68,"57,877","14,758,300"
2015-05-11,2.68,2.81,2.64,2.76,"73,027","14,364,200"
2015-05-12,2.77,2.78,2.7,2.71,"44,614","14,839,400"
2015-05-13,2.72,2.77,2.67,2.69,"36,403","14,577,900"
2015-05-14,2.69,2.87,2.66,2.84,"81,538","14,440,000"
2015-05-15,2.84,2.94,2.84,2.87,"75,968","15,253,400"
2015-05-16,2.88,3.06,2.85,3.0,"74,901","15,440,600"
2015-05-17,3.0,3.03,2.91,2.93,"52,827","16,116,000"
2015-05-18,2.93,2.95,2.83,2.86,"42,345","15,751,100"
2015-05-19,2.86,2.9,2.79,2.89,"34,282","15,394,100"
2015-05-20,2.89,2.9,2.78,2.88,"48,146","15,532,900"
2015-05-21,2.88,2.91,2.84,2.84,"37,087","15,524,500"
2015-05-22,2.84,2.95,2.81,2.91,"108,165","15,278,400"
2015-05-23,2.91,2.92,2.87,2.87,"90,345","15,707,300"
2015-05-24,2.87,2.93,2.87,2.9,"49,767","15,487,700"
2015-05-25,2.9,2.91,2.8,2.82,"55,790","15,640,500"
2015-05-26,2.82,2.9,2.6,2.67,"133,789","15,224,800"
2015-05-27,2.67,2.71,2.59,2.63,"59,342","14,426,200"
2015-05-28,2.63,2.83,2.61,2.74,"69,233","14,196,000"
2015-05-29,2.74,2.85,2.72,2.82,"48,749","14,798,400"
2015-05-30,2.82,2.84,2.69,2.71,"36,938","15,258,300"
2015-05-31,2.71,2.84,2.7,2.76,"57,640","14,662,100"
2015-06-01,2.76,2.78,2.64,2.65,"75,761","14,952,300"
2015-06-02,2.66,2.82,2.64,2.8,"68,367","14,392,700"
2015-06-03,2.8,2.87,2.73,2.75,"76,345","15,173,000"
2015-06-04,2.76,2.83,2.72,2.8,"40,277","14,968,000"
2015-06-05,2.8,2.84,2.72,2.82,"43,312","15,175,700"
2015-06-06,2.82,2.86,2.79,2.82,"36,093","15,291,500"
2015-06-07,2.82,2.85,2.79,2.81,"55,832","15,308,900"
2015-06-08,2.8,2.88,2.8,2.83,"78,536","15,247,700"
2015-06-09,2.83,2.85,2.76,2.77,"83,639","15,384,300"
2015-06-10,2.76,2.77,2.65,2.7,"93,836","15,043,400"
2015-06-11,2.7,2.78,2.68,2.78,"67,222","14,719,100"
2015-06-12,2.78,2.9,2.74,2.8,"107,756","15,141,500"
2015-06-13,2.8,2.85,2.77,2.8,"68,398","15,249,900"
2015-06-14,2.8,2.83,2.75,2.81,"87,100","15,289,300"
2015-06-15,2.81,2.85,2.72,2.74,"102,014","15,333,500"
2015-06-16,2.74,2.99,2.73,2.99,"109,178","14,980,300"
2015-06-17,2.99,3.15,2.91,3.0,"127,588","16,341,300"
2015-06-18,3.01,3.02,2.91,2.96,"80,459","16,455,700"
2015-06-19,2.96,2.98,2.88,2.9,"76,937","16,207,100"
2015-06-20,2.9,2.9,2.82,2.87,"49,018","15,882,700"
2015-06-21,2.87,2.88,2.82,2.84,"42,407","15,747,200"
2015-06-22,2.84,2.9,2.84,2.89,"60,758","15,582,200"
2015-06-23,2.89,2.89,2.84,2.85,"32,546","15,836,600"
2015-06-24,2.85,2.88,2.81,2.81,"66,207","15,662,200"
2015-06-25,2.81,2.84,2.8,2.83,"82,226","15,439,500"
2015-06-26,2.83,2.87,2.81,2.82,"67,021","15,575,000"
2015-06-27,2.82,2.87,2.78,2.79,"117,087","15,502,700"
2015-06-28,2.79,2.81,2.68,2.73,"80,605","15,352,200"
2015-06-29,2.73,2.79,2.71,2.79,"65,253","15,060,700"
2015-06-30,2.79,2.93,2.77,2.86,"105,757","15,375,000"
2015-07-01,2.86,2.9,2.78,2.82,"49,329","15,776,100"
2015-07-02,2.8,2.92,2.79,2.91,"58,716","15,478,600"
2015-07-03,2.92,2.99,2.87,2.96,"65,144","16,115,200"
2015-07-04,2.96,3.11,2.93,3.09,"134,776","16,384,400"
2015-07-05,3.09,3.17,3.05,3.09,"98,324","17,100,200"
2015-07-06,3.1,3.21,3.07,3.09,"91,597","17,158,400"
2015-07-07,3.09,3.12,2.96,2.97,"77,829","17,104,500"
2015-07-08,2.96,3.07,2.94,2.98,"71,222","16,429,100"
2015-07-09,2.99,3.13,2.96,3.11,"146,037","16,587,600"
2015-07-10,3.11,4.24,3.08,4.05,"607,002","17,282,600"
2015-07-11,4.07,4.38,3.74,3.84,"396,245","22,623,400"
2015-07-12,3.84,4.25,3.83,4.1,"136,193","21,381,100"
2015-07-13,4.1,4.1,3.66,3.74,"181,667","22,806,100"
2015-07-14,3.75,3.83,3.72,3.72,"71,054","20,864,500"
2015-07-15,3.71,3.77,3.63,3.66,"133,041","20,673,800"
2015-07-16,3.64,3.76,3.49,3.53,"87,908","20,331,600"
2015-07-17,3.54,3.83,3.48,3.76,"142,970","19,771,100"
2015-07-18,3.76,3.99,3.67,3.71,"140,104","20,996,900"
2015-07-19,3.71,3.71,3.6,3.62,"66,114","20,734,000"
2015-07-20,3.62,3.72,3.61,3.69,"73,913","20,257,500"
2015-07-21,3.7,3.73,3.58,3.6,"106,480","20,691,500"
2015-07-22,3.6,3.65,3.57,3.63,"50,817","20,147,800"
2015-07-23,3.63,3.65,3.54,3.58,"34,491","20,314,600"
2015-07-24,3.59,3.71,3.5,3.69,"129,128","20,106,000"
2015-07-25,3.69,3.77,3.65,3.75,"64,293","20,688,000"
2015-07-26,3.75,3.85,3.69,3.78,"100,372","21,014,500"
2015-07-27,3.78,3.83,3.68,3.76,"105,583","21,228,600"
2015-07-28,3.75,3.83,3.69,3.69,"99,350","21,080,800"
2015-07-29,3.69,3.7,3.63,3.64,"62,902","20,712,400"
2015-07-30,3.64,3.7,3.6,3.64,"49,738","20,455,500"
2015-07-31,3.65,3.73,3.61,3.68,"69,967","20,552,400"
2015-08-01,3.68,3.7,3.52,3.61,"63,209","20,694,700"
2015-08-02,3.61,3.65,3.56,3.62,"42,888","20,345,400"
2015-08-03,3.62,3.67,3.56,3.61,"56,701","20,399,000"
2015-08-04,3.61,3.72,3.61,3.64,"93,372","20,357,800"
2015-08-05,3.64,3.67,3.57,3.58,"55,070","20,547,800"
2015-08-06,3.58,3.58,3.51,3.52,"48,908","20,193,000"
2015-08-07,3.51,3.52,3.23,3.26,"229,950","19,848,100"
2015-08-08,3.27,3.29,3.06,3.08,"91,264","18,477,800"
2015-08-09,3.08,3.2,3.08,3.11,"77,488","17,418,300"
2015-08-10,3.1,3.15,3.06,3.08,"59,702","17,558,200"
2015-08-11,3.08,3.16,3.06,3.16,"73,134","17,437,300"
2015-08-12,3.16,3.18,3.06,3.06,"113,443","17,915,300"
2015-08-13,3.05,3.07,3.0,3.06,"66,249","17,319,800"
2015-08-14,3.06,3.1,3.02,3.03,"74,860","17,378,700"
2015-08-15,3.02,3.06,2.96,2.98,"37,005","17,164,800"
2015-08-16,2.98,2.99,2.88,2.94,"46,752","16,899,500"
2015-08-17,2.95,3.12,2.91,2.91,"80,183","16,739,200"
2015-08-18,2.91,2.91,2.67,2.67,"83,076","16,551,500"
2015-08-19,2.6,2.78,2.58,2.64,"74,748","14,812,700"
2015-08-20,2.64,2.8,2.63,2.78,"49,346","15,018,700"
2015-08-21,2.78,2.8,2.74,2.76,"49,749","15,813,000"
2015-08-22,2.76,2.78,2.62,2.68,"52,550","15,728,800"
2015-08-23,2.68,2.72,2.62,2.64,"30,625","15,274,500"
2015-08-24,2.63,2.64,2.38,2.38,"125,485","15,036,300"
2015-08-25,2.37,2.56,2.24,2.53,"69,322","13,506,000"
2015-08-26,2.53,2.66,2.49,2.61,"37,719","14,471,900"
2015-08-27,2.61,2.63,2.54,2.56,"37,604","14,942,900"
2015-08-28,2.56,2.64,2.51,2.6,"57,595","14,664,000"
2015-08-29,2.6,2.62,2.55,2.6,"39,992","14,899,700"
2015-08-30,2.6,2.63,2.53,2.56,"27,911","14,869,600"
2015-08-31,2.56,2.59,2.52,2.58,"74,703","14,678,500"
2015-09-01,2.58,2.6,2.53,2.54,"70,243","14,804,700"
2015-09-02,2.54,2.55,2.5,2.51,"60,914","14,589,500"
2015-09-03,2.51,2.52,2.46,2.47,"23,020","14,412,100"
2015-09-04,2.48,2.5,2.42,2.45,"60,516","14,265,700"
2015-09-05,2.44,2.53,2.36,2.51,"38,313","14,037,400"
2015-09-06,2.51,2.56,2.47,2.49,"28,927","14,404,900"
2015-09-07,2.49,2.5,2.37,2.38,"69,592","14,309,400"
2015-09-08,2.37,2.41,2.2,2.33,"90,735","13,624,600"
2015-09-09,2.32,2.57,2.32,2.44,"64,860","13,390,200"
2015-09-10,2.44,2.48,2.33,2.38,"46,341","14,060,100"
2015-09-11,2.38,2.43,2.35,2.38,"57,649","13,730,500"
2015-09-12,2.38,2.46,2.35,2.43,"37,555","13,774,200"
2015-09-13,2.43,2.48,2.3,2.34,"53,764","14,020,100"
2015-09-14,2.33,2.35,2.27,2.31,"57,107","13,491,500"
2015-09-15,2.31,2.62,2.29,2.32,"46,640","13,377,900"
2015-09-16,2.32,2.4,2.3,2.37,"68,240","13,447,900"
2015-09-17,2.39,11.43,2.35,2.37,"32,167","13,827,600"
2015-09-18,2.37,2.47,2.35,2.46,"36,051","13,726,400"
2015-09-19,2.46,2.48,2.36,2.36,"18,461","14,244,500"
2015-09-20,2.36,2.59,2.29,2.39,"88,240","13,694,700"
2015-09-21,2.39,2.43,2.32,2.35,"84,512","13,892,300"
2015-09-22,2.36,2.5,2.36,2.46,"42,311","13,687,600"
2015-09-23,2.46,2.53,2.4,2.43,"36,011","14,314,800"
2015-09-24,2.43,2.48,2.38,2.44,"36,581","14,100,900"
2015-09-25,2.44,2.49,2.41,2.45,"31,730","14,189,600"
2015-09-26,2.46,2.46,2.33,2.33,"45,583","14,288,400"
2015-09-27,2.33,2.39,2.33,2.36,"26,485","13,593,500"
2015-09-28,2.37,2.42,2.35,2.38,"45,147","13,788,900"
2015-09-29,2.38,2.4,2.34,2.34,"33,688","13,889,400"
2015-09-30,2.34,2.37,2.34,2.34,"36,433","13,670,400"
2015-10-01,2.34,2.36,2.29,2.29,"48,612","13,670,100"
2015-10-02,2.29,2.32,2.21,2.22,"49,335","13,376,200"
2015-10-03,2.22,2.23,2.14,2.17,"50,128","12,958,700"
2015-10-04,2.17,2.18,2.13,2.17,"41,353","12,688,900"
2015-10-05,2.17,2.43,2.16,2.34,"74,426","12,716,700"
2015-10-06,2.34,2.39,2.32,2.39,"23,826","13,696,700"
2015-10-07,2.39,2.45,2.39,2.4,"40,949","14,025,500"
2015-10-08,2.4,2.43,2.35,2.38,"39,245","14,109,600"
2015-10-09,2.37,2.41,2.32,2.36,"28,997","13,918,300"
2015-10-10,2.36,2.43,2.33,2.43,"18,355","13,871,000"
2015-10-11,2.43,2.43,2.32,2.39,"20,054","14,270,800"
2015-10-12,2.37,2.39,2.29,2.34,"22,087","13,966,900"
2015-10-13,2.34,2.38,2.28,2.35,"33,118","13,762,200"
2015-10-14,2.36,2.4,2.32,2.32,"53,349","13,900,100"
2015-10-15,2.31,2.36,2.21,2.25,"80,585","13,640,200"
2015-10-16,2.25,2.39,2.24,2.34,"40,319","13,268,900"
2015-10-17,2.34,2.47,2.33,2.43,"36,100","13,814,100"
2015-10-18,2.44,2.45,2.33,2.37,"21,270","14,424,600"
2015-10-19,2.37,2.39,2.33,2.34,"39,396","14,014,900"
2015-10-20,2.34,2.44,2.34,2.41,"46,076","13,844,300"
2015-10-21,2.4,2.44,2.27,2.28,"54,704","14,185,500"
2015-10-22,2.28,2.43,2.25,2.41,"77,999","13,485,100"
2015-10-23,2.41,2.44,2.28,2.33,"74,068","14,270,300"
2015-10-24,2.32,2.34,2.16,2.24,"69,810","13,762,700"
2015-10-25,2.26,2.36,2.17,2.17,"53,908","13,388,800"
2015-10-26,2.18,2.24,2.12,2.24,"40,748","12,895,600"
2015-10-27,2.24,2.29,2.04,2.1,"112,810","13,267,200"
2015-10-28,2.12,2.22,2.1,2.14,"62,319","12,593,200"
2015-10-29,2.11,2.42,2.09,2.39,"109,579","12,549,700"
2015-10-30,2.41,2.73,2.37,2.54,"118,931","14,289,400"
2015-10-31,2.54,2.63,2.27,2.31,"33,529","15,097,200"
2015-11-01,2.31,2.78,2.26,2.66,"79,513","13,720,200"
2015-11-02,2.66,2.7,2.43,2.61,"88,803","15,832,500"
2015-11-03,2.61,2.91,2.54,2.69,"138,710","15,537,000"
2015-11-04,2.7,2.85,2.37,2.61,"251,429","16,069,100"
2015-11-05,2.61,2.82,2.25,2.53,"131,813","15,540,600"
2015-11-06,2.55,2.73,2.39,2.7,"89,250","15,186,900"
2015-11-07,2.73,2.84,2.62,2.71,"65,014","16,269,600"
2015-11-08,2.71,2.84,2.53,2.53,"55,256","16,160,500"
2015-11-09,2.54,2.6,2.43,2.53,"76,637","15,153,000"
2015-11-10,2.53,2.63,2.37,2.42,"49,166","15,127,000"
2015-11-11,2.42,2.48,2.14,2.29,"96,053","14,461,800"
2015-11-12,2.28,2.58,2.28,2.54,"86,587","13,661,200"
2015-11-13,2.52,2.6,2.39,2.53,"60,866","15,103,600"
2015-11-14,2.54,2.59,2.36,2.36,"66,693","15,189,300"
2015-11-15,2.38,2.44,2.29,2.31,"39,255","14,240,200"
2015-11-16,2.29,2.38,2.23,2.31,"41,181","13,731,000"
2015-11-17,2.32,2.38,2.22,2.26,"59,102","13,923,500"
2015-11-18,2.26,2.38,2.25,2.36,"31,679","13,554,600"
2015-11-19,2.36,2.36,2.21,2.21,"48,039","14,143,100"
2015-11-20,2.21,2.25,2.13,2.23,"28,463","13,270,800"
2015-11-21,2.23,2.25,2.16,2.2,"26,400","13,370,600"
2015-11-22,2.2,2.22,2.05,2.06,"28,487","13,216,000"
2015-11-23,2.08,2.16,2.05,2.14,"31,968","12,524,900"
2015-11-24,2.14,2.14,2.07,2.08,"24,757","12,843,100"
2015-11-25,2.08,2.16,2.05,2.15,"23,152","12,497,100"
2015-11-26,2.15,2.34,2.12,2.19,"58,542","12,943,400"
2015-11-27,2.18,2.23,2.13,2.16,"32,579","13,139,500"
2015-11-28,2.16,2.16,2.07,2.08,"25,565","12,978,500"
2015-11-29,2.08,2.17,2.07,2.15,"26,013","12,539,800"
2015-11-30,2.15,2.24,2.11,2.17,"49,178","12,962,300"
2015-12-01,2.17,2.18,2.05,2.08,"37,007","13,063,600"
2015-12-02,2.09,2.19,2.03,2.18,"45,288","12,574,200"
2015-12-03,2.19,2.4,2.19,2.34,"77,349","13,181,700"
2015-12-04,2.33,2.36,2.3,2.34,"36,114","14,082,300"
2015-12-05,2.35,2.44,2.29,2.32,"61,252","14,172,200"
2015-12-06,2.32,2.47,2.31,2.34,"55,270","14,020,800"
2015-12-07,2.33,2.38,2.29,2.33,"40,495","14,054,100"
2015-12-08,2.33,2.4,2.28,2.4,"44,093","14,092,000"
2015-12-09,2.41,2.7,2.37,2.51,"121,460","14,595,600"
2015-12-10,2.5,2.52,2.44,2.44,"31,690","15,122,800"
2015-12-11,2.44,2.71,2.44,2.69,"46,393","14,761,700"
2015-12-12,2.7,2.79,2.43,2.58,"47,864","16,341,800"
2015-12-13,2.59,2.75,2.54,2.73,"67,091","15,679,300"
2015-12-14,2.76,2.89,2.68,2.69,"102,466","16,723,300"
2015-12-15,2.69,2.76,2.64,2.68,"58,882","16,273,500"
2015-12-16,2.69,2.73,2.55,2.69,"46,530","16,315,300"
2015-12-17,2.69,2.69,2.57,2.61,"40,819","16,298,400"
2015-12-18,2.61,2.65,2.58,2.65,"39,821","15,820,500"
2015-12-19,2.65,2.69,2.58,2.61,"27,223","16,074,600"
2015-12-20,2.61,2.64,2.46,2.49,"39,518","15,865,200"
2015-12-21,2.5,2.51,2.41,2.47,"43,767","15,164,400"
2015-12-22,2.47,2.6,2.46,2.55,"47,646","15,026,900"
2015-12-23,2.55,2.6,2.48,2.53,"51,744","15,506,300"
2015-12-24,2.53,2.78,2.53,2.77,"83,730","15,396,800"
2015-12-25,2.77,2.94,2.72,2.83,"99,786","16,851,000"
2015-12-26,2.83,2.98,2.68,2.77,"96,357","17,218,200"
2015-12-27,2.73,2.73,2.6,2.65,"37,590","16,651,400"
2015-12-28,2.64,3.05,2.63,2.98,"88,281","16,067,600"
2015-12-29,3.03,3.09,2.92,3.09,"141,636","18,461,600"
2015-12-30,3.09,4.65,3.09,3.52,"524,544","18,810,200"
2015-12-31,3.52,3.61,3.08,3.27,"191,862","21,459,700"
2016-01-01,3.33,3.54,3.24,3.38,"98,317","20,289,600"
2016-01-02,3.38,3.43,3.24,3.28,"62,353","20,638,600"
2016-01-03,3.29,3.35,3.13,3.24,"87,155","20,114,800"
2016-01-04,3.25,3.35,3.24,3.32,"65,748","19,882,500"
2016-01-05,3.32,3.44,3.29,3.33,"71,861","20,278,200"
2016-01-06,3.33,3.4,3.29,3.38,"34,542","20,334,100"
2016-01-07,3.37,3.45,3.31,3.38,"116,373","20,637,500"
2016-01-08,3.41,3.42,3.26,3.31,"76,706","20,905,100"
2016-01-09,3.3,3.37,3.18,3.18,"39,174","20,252,100"
2016-01-10,3.18,3.29,2.83,3.29,"167,678","19,514,900"
2016-01-11,3.28,3.35,3.07,3.15,"99,815","20,143,400"
2016-01-12,3.17,3.17,2.92,3.03,"130,485","19,455,500"
2016-01-13,3.03,3.14,2.97,3.1,"57,266","18,622,300"
2016-01-14,3.1,3.58,3.09,3.4,"176,887","19,024,300"
2016-01-15,3.36,3.71,3.31,3.36,"431,794","20,643,400"
2016-01-16,3.34,4.4,3.34,3.89,"1,878,320","20,501,100"
2016-01-17,3.88,5.19,3.76,4.95,"560,892","23,866,800"
2016-01-18,4.94,4.94,4.27,4.37,"464,263","30,399,700"
2016-01-19,4.4,4.54,3.87,3.87,"277,216","27,082,100"
2016-01-20,3.86,4.83,3.79,4.77,"307,278","23,761,800"
2016-01-21,4.76,5.15,4.52,5.15,"289,153","29,292,200"
2016-01-22,5.22,6.29,4.73,5.13,"1,096,190","32,176,900"
2016-01-23,5.05,5.14,4.22,4.49,"677,578","31,141,500"
2016-01-24,4.51,4.82,4.14,4.4,"320,311","27,786,800"
2016-01-25,4.41,4.41,3.63,4.02,"410,300","27,208,600"
2016-01-26,3.98,4.69,3.88,4.52,"298,849","24,566,900"
2016-01-27,4.49,4.67,4.05,4.2,"301,964","27,729,200"
2016-01-28,4.19,4.37,4.02,4.22,"185,032","25,868,300"
2016-01-29,4.25,4.47,4.06,4.39,"126,718","26,280,700"
2016-01-30,4.39,4.44,4.11,4.29,"136,278","27,139,800"
2016-01-31,4.29,4.32,3.96,4.11,"147,359","26,487,500"
2016-02-01,4.11,4.23,4.01,4.12,"61,713","25,394,100"
2016-02-02,4.14,4.24,4.05,4.11,"125,829","25,608,100"
2016-02-03,4.1,9.34,4.01,4.18,"85,544","25,379,300"
2016-02-04,4.18,4.36,4.12,4.29,"100,963","25,855,900"
2016-02-05,4.29,4.38,4.23,4.28,"56,705","26,596,100"
2016-02-06,4.32,4.32,4.15,4.19,"70,855","26,780,100"
2016-02-07,4.21,4.38,4.14,4.21,"108,239","26,116,700"
2016-02-08,4.18,4.31,4.11,4.16,"70,569","25,946,900"
2016-02-09,4.16,4.19,3.95,3.97,"164,368","25,846,400"
2016-02-10,3.97,4.17,3.78,3.84,"193,410","24,665,700"
2016-02-11,3.78,3.91,3.19,3.26,"243,649","23,519,900"
2016-02-12,3.26,4.04,3.26,3.79,"182,601","20,278,400"
2016-02-13,3.79,3.89,3.57,3.77,"120,917","23,573,000"
2016-02-14,3.8,3.92,3.75,3.8,"60,426","23,641,000"
2016-02-15,3.8,4.17,3.74,3.78,"112,454","23,666,400"
2016-02-16,3.78,4.02,3.48,3.48,"180,945","23,519,100"
2016-02-17,3.47,3.82,3.44,3.68,"150,307","21,632,400"
2016-02-18,3.69,3.77,3.13,3.53,"247,042","22,963,300"
2016-02-19,3.54,3.75,3.47,3.51,"120,692","22,081,300"
2016-02-20,3.51,3.69,3.51,3.64,"91,429","21,876,300"
2016-02-21,3.63,4.2,3.6,4.0,"165,716","22,636,600"
2016-02-22,4.0,4.27,3.93,4.2,"185,000","24,945,400"
2016-02-23,4.11,4.23,3.74,3.8,"214,434","25,662,900"
2016-02-24,3.8,4.09,3.72,4.02,"120,323","23,708,800"
2016-02-25,4.02,4.04,3.81,3.91,"125,778","25,097,700"
2016-02-26,3.93,4.01,3.82,3.97,"77,086","24,550,400"
2016-02-27,3.98,4.09,3.91,4.08,"113,700","24,850,600"
2016-02-28,4.08,4.09,3.94,4.0,"150,601","25,488,700"
2016-02-29,4.0,4.03,3.88,3.92,"140,688","25,026,700"
2016-03-01,3.92,4.04,3.81,3.9,"195,998","24,506,800"
2016-03-02,3.9,4.01,3.86,3.88,"126,503","24,404,300"
2016-03-03,3.88,4.84,3.82,4.71,"505,229","24,286,300"
2016-03-04,4.63,5.13,4.35,4.63,"657,278","29,006,700"
2016-03-05,4.62,5.38,4.53,4.87,"590,483","28,949,900"
2016-03-06,4.92,5.14,4.58,4.58,"487,244","30,831,500"
2016-03-07,4.58,4.73,4.3,4.3,"305,007","28,727,400"
2016-03-08,4.29,4.61,4.19,4.6,"250,496","26,925,200"
2016-03-09,4.62,4.71,4.51,4.57,"200,317","29,000,600"
2016-03-10,4.57,5.3,4.49,4.92,"476,033","28,738,100"
2016-03-11,4.93,5.36,4.88,5.15,"342,455","30,996,500"
2016-03-12,5.19,5.39,4.96,5.31,"313,635","32,617,000"
2016-03-13,5.35,6.03,5.31,5.68,"738,440","33,630,800"
2016-03-14,5.68,5.99,5.42,5.54,"395,433","35,742,700"
2016-03-15,5.53,5.92,5.36,5.84,"310,793","34,795,400"
2016-03-16,5.86,6.56,5.77,6.33,"953,870","36,885,300"
2016-03-17,6.33,6.44,5.64,5.98,"595,131","39,879,100"
2016-03-18,5.98,6.17,5.66,5.95,"301,156","37,683,500"
2016-03-19,5.94,6.12,5.78,5.99,"261,243","37,472,700"
2016-03-20,5.77,6.14,5.77,6.12,"220,354","36,389,900"
2016-03-21,6.12,6.46,6.01,6.01,"398,501","38,624,800"
2016-03-22,5.97,6.25,5.91,6.09,"287,782","37,671,000"
2016-03-23,6.1,6.61,6.02,6.59,"532,087","38,489,700"
2016-03-24,6.67,6.69,6.28,6.66,"461,165","42,140,700"
2016-03-25,6.66,7.53,6.59,7.44,"878,166","42,063,300"
2016-03-26,7.44,7.44,7.03,7.21,"362,976","47,037,100"
2016-03-27,7.21,7.32,6.82,7.05,"441,517","45,577,300"
2016-03-28,7.05,7.37,6.53,7.06,"577,452","44,584,400"
2016-03-29,7.06,7.18,6.88,7.08,"268,689","44,656,600"
2016-03-30,7.09,7.11,6.76,6.78,"280,500","44,853,600"
2016-03-31,6.78,6.98,6.78,6.88,"220,521","42,907,900"
2016-04-01,6.9,7.1,6.71,7.07,"189,159","43,693,200"
2016-04-02,7.12,7.21,7.04,7.05,"157,191","45,096,900"
2016-04-03,7.05,7.13,6.65,7.0,"351,429","44,718,800"
2016-04-04,7.0,7.05,6.88,6.96,"141,900","44,373,200"
2016-04-05,6.97,7.37,6.97,7.07,"420,016","44,231,400"
2016-04-06,7.06,7.17,7.0,7.02,"189,714","44,799,200"
2016-04-07,7.02,7.1,6.9,6.9,"174,662","44,628,000"
2016-04-08,6.88,7.08,6.88,6.99,"218,748","43,766,400"
2016-04-09,6.98,6.99,6.28,6.68,"490,236","44,418,900"
2016-04-10,6.68,6.89,6.12,6.54,"874,074","42,484,800"
2016-04-11,6.51,6.63,6.3,6.35,"230,475","41,432,300"
2016-04-12,6.36,6.58,6.3,6.5,"334,270","40,479,000"
2016-04-13,6.5,6.56,6.4,6.51,"223,697","41,411,000"
2016-04-14,6.51,6.53,6.34,6.41,"218,510","41,460,300"
2016-04-15,6.42,6.42,5.98,6.03,"303,991","40,914,100"
2016-04-16,6.02,6.43,5.97,6.3,"287,896","38,397,000"
2016-04-17,6.31,6.45,6.23,6.4,"206,734","40,252,900"
2016-04-18,6.36,6.41,6.07,6.23,"211,282","40,579,000"
2016-04-19,6.24,6.44,6.21,6.39,"204,854","39,811,000"
2016-04-20,6.4,6.52,6.31,6.35,"247,651","40,880,000"
2016-04-21,6.35,6.42,6.19,6.19,"187,613","40,558,500"
2016-04-22,6.22,6.38,6.09,6.28,"239,961","39,777,400"
2016-04-23,6.28,6.52,6.18,6.51,"241,922","40,127,700"
2016-04-24,6.5,6.61,6.37,6.44,"236,604","41,556,400"
2016-04-25,6.43,6.43,6.13,6.17,"269,831","41,150,900"
2016-04-26,6.21,6.24,5.81,6.08,"249,141","39,730,900"
2016-04-27,6.1,6.62,5.95,6.28,"422,258","39,041,800"
2016-04-28,6.33,6.56,6.25,6.46,"224,846","40,567,700"
2016-04-29,6.46,6.67,6.32,6.6,"281,894","41,360,700"
2016-04-30,6.62,6.86,6.56,6.83,"293,789","42,428,700"
2016-05-01,6.82,6.87,6.69,6.79,"229,207","43,733,100"
2016-05-02,6.79,6.87,6.64,6.83,"265,828","43,546,600"
2016-05-03,6.8,6.88,6.75,6.8,"180,138","43,619,700"
2016-05-04,6.79,6.9,6.76,6.84,"196,202","43,558,700"
2016-05-05,6.84,6.88,6.74,6.82,"186,158","43,921,600"
2016-05-06,6.82,6.84,6.67,6.77,"215,622","43,824,200"
2016-05-07,6.75,6.78,6.53,6.58,"254,392","43,408,500"
2016-05-08,6.58,6.77,6.55,6.69,"164,290","42,348,300"
2016-05-09,6.68,6.69,6.55,6.59,"172,995","42,968,300"
2016-05-10,6.59,6.81,6.52,6.79,"275,287","42,439,700"
2016-05-11,6.82,6.84,6.65,6.76,"214,337","43,892,000"
2016-05-12,6.76,6.84,6.61,6.78,"224,735","43,524,000"
2016-05-13,6.8,6.98,6.7,6.97,"282,706","43,815,200"
2016-05-14,6.95,6.99,6.79,6.95,"215,702","44,780,500"
2016-05-15,6.95,7.07,6.86,7.0,"163,629","44,791,400"
2016-05-16,7.02,7.73,7.01,7.27,"624,372","45,260,900"
2016-05-17,7.27,7.41,7.22,7.41,"233,869","46,923,900"
2016-05-18,7.4,7.43,7.27,7.39,"232,479","47,795,000"
2016-05-19,7.39,7.81,7.35,7.7,"390,961","47,690,800"
2016-05-20,7.67,8.68,7.66,7.95,"630,261","49,545,300"
2016-05-21,7.95,8.4,7.76,8.24,"362,889","51,377,400"
2016-05-22,8.27,8.32,8.03,8.1,"308,676","53,437,600"
2016-05-23,8.06,8.17,7.92,8.1,"228,942","52,138,500"
2016-05-24,8.09,8.19,7.72,7.76,"312,203","52,305,900"
2016-05-25,7.75,7.86,7.46,7.61,"310,684","50,146,500"
2016-05-26,7.62,7.71,7.34,7.39,"206,517","49,323,000"
2016-05-27,7.42,7.56,7.08,7.5,"414,196","48,036,000"
2016-05-28,7.47,7.94,7.41,7.85,"367,974","48,377,400"
2016-05-29,7.85,8.53,7.76,8.19,"400,555","50,832,500"
2016-05-30,8.19,8.36,8.12,8.2,"212,989","53,108,400"
2016-05-31,8.19,8.39,7.99,8.18,"341,324","53,077,100"
2016-06-01,8.18,8.37,8.08,8.26,"320,823","53,022,100"
2016-06-02,8.23,8.24,7.93,8.1,"318,685","53,381,300"
2016-06-03,8.12,8.31,7.78,8.06,"447,007","52,712,500"
2016-06-04,8.06,8.2,7.85,8.05,"445,286","52,311,100"
2016-06-05,8.04,8.17,7.58,7.58,"537,053","52,188,400"
2016-06-06,7.59,7.86,7.58,7.77,"302,748","49,284,900"
2016-06-07,7.77,8.01,7.68,7.91,"339,881","50,576,500"
2016-06-08,7.93,8.04,7.68,7.88,"272,918","51,607,300"
2016-06-09,7.88,7.94,7.72,7.82,"303,753","51,262,200"
2016-06-10,7.79,8.12,7.78,7.84,"475,334","50,749,400"
2016-06-11,7.83,7.95,7.61,7.9,"475,115","50,999,700"
2016-06-12,7.93,8.03,7.48,7.66,"897,877","51,676,400"
2016-06-13,7.65,7.99,7.46,7.72,"600,793","49,887,200"
2016-06-14,7.71,8.41,7.63,8.2,"584,298","50,283,500"
2016-06-15,8.2,8.58,8.0,8.14,"491,191","53,485,800"
2016-06-16,8.16,8.68,8.16,8.59,"368,946","53,254,500"
2016-06-17,8.66,8.91,8.1,8.36,"545,419","56,515,800"
2016-06-18,8.36,8.62,8.05,8.16,"448,647","54,565,000"
2016-06-19,8.16,8.32,7.94,7.99,"556,704","53,314,500"
2016-06-20,7.99,8.31,7.9,8.29,"572,251","52,181,400"
2016-06-21,8.27,8.42,7.64,7.78,"568,810","54,017,900"
2016-06-22,7.75,8.02,7.29,7.34,"552,499","50,640,100"
2016-06-23,7.38,7.51,6.91,7.24,"425,205","48,274,600"
2016-06-24,7.24,7.64,6.88,7.13,"552,216","47,338,400"
2016-06-25,7.11,7.25,6.65,6.86,"463,260","46,535,500"
2016-06-26,6.86,7.18,6.72,6.78,"275,629","44,928,500"
2016-06-27,6.78,7.04,6.68,7.01,"264,512","44,373,000"
2016-06-28,7.06,7.16,6.88,6.91,"286,458","46,253,800"
2016-06-29,6.92,7.05,6.86,6.99,"255,225","45,323,300"
2016-06-30,6.99,7.24,6.94,7.13,"331,408","45,834,900"
2016-07-01,7.13,7.39,7.11,7.24,"251,575","46,722,200"
2016-07-02,7.23,7.43,7.09,7.18,"279,444","47,384,100"
2016-07-03,7.19,7.31,6.99,7.01,"259,776","47,136,900"
2016-07-04,7.02,7.24,6.91,7.08,"189,054","46,064,500"
2016-07-05,7.09,7.09,6.83,6.99,"237,373","46,521,100"
2016-07-06,6.94,7.13,6.9,6.98,"243,442","45,565,800"
2016-07-07,6.98,7.19,6.77,7.03,"425,808","45,914,000"
2016-07-08,6.98,7.48,6.95,7.45,"314,761","45,903,300"
2016-07-09,7.47,7.47,7.01,7.36,"268,561","49,132,300"
2016-07-10,7.35,7.49,7.3,7.42,"268,877","48,381,600"
2016-07-11,7.44,8.05,7.41,7.96,"672,593","48,979,600"
2016-07-12,7.97,8.26,7.82,7.84,"474,628","52,526,000"
2016-07-13,7.86,7.97,7.72,7.84,"289,681","51,798,100"
2016-07-14,7.86,7.91,7.7,7.75,"194,024","51,797,100"
2016-07-15,7.73,8.34,7.69,8.09,"365,346","50,959,600"
2016-07-16,8.09,8.34,8.06,8.26,"284,036","53,338,100"
2016-07-17,8.25,8.33,8.06,8.12,"248,488","54,402,400"
2016-07-18,8.15,8.29,8.1,8.22,"273,466","53,774,400"
2016-07-19,8.22,8.57,8.18,8.5,"410,793","54,269,700"
2016-07-20,8.53,8.57,8.31,8.44,"287,009","56,317,100"
2016-07-21,8.43,9.06,8.32,8.96,"435,825","55,692,500"
2016-07-22,8.95,9.55,8.89,9.25,"867,493","59,167,400"
2016-07-23,9.27,9.47,9.07,9.31,"435,897","61,282,500"
2016-07-24,9.36,9.78,9.21,9.21,"370,757","61,901,200"
2016-07-25,9.24,9.27,8.99,9.13,"314,414","61,086,400"
2016-07-26,9.15,9.21,8.63,8.86,"531,920","60,513,500"
2016-07-27,8.9,9.33,8.77,9.15,"378,749","58,881,400"
2016-07-28,9.15,9.35,9.15,9.31,"237,187","60,591,800"
2016-07-29,9.32,9.47,9.3,9.46,"212,714","61,710,300"
2016-07-30,9.45,9.48,9.19,9.22,"275,617","62,575,400"
2016-07-31,9.18,9.57,9.0,9.51,"318,887","60,871,400"
2016-08-01,9.45,10.48,9.45,9.9,"1,088,710","62,649,200"
2016-08-02,10.02,10.24,9.06,9.16,"1,182,910","66,476,200"
2016-08-03,9.29,9.64,9.11,9.33,"719,797","61,646,200"
2016-08-04,9.32,9.55,9.21,9.53,"413,348","61,830,600"
2016-08-05,9.53,9.83,9.45,9.72,"284,062","63,292,400"
2016-08-06,9.71,10.71,9.69,10.55,"638,130","64,524,400"
2016-08-07,10.59,10.65,10.13,10.35,"458,848","70,393,200"
2016-08-08,10.34,10.51,10.1,10.38,"453,814","68,797,400"
2016-08-09,10.35,10.56,10.29,10.3,"365,466","68,887,400"
2016-08-10,10.32,10.51,10.23,10.44,"357,513","68,670,400"
2016-08-11,10.44,11.22,10.4,11.08,"534,511","69,495,500"
2016-08-12,11.09,12.86,10.77,12.59,"2,030,400","73,849,400"
2016-08-13,12.56,13.61,12.09,12.91,"1,847,650","83,697,900"
2016-08-14,12.82,15.05,12.74,14.48,"3,708,120","85,451,600"
2016-08-15,14.52,14.94,12.6,13.3,"3,240,540","96,808,800"
2016-08-16,13.23,13.32,11.48,12.87,"2,724,180","88,224,700"
2016-08-17,12.91,13.05,12.25,12.55,"1,054,880","86,139,000"
2016-08-18,12.45,14.18,12.45,13.86,"2,019,880","83,107,600"
2016-08-19,13.83,14.83,13.3,13.78,"2,879,380","92,310,700"
2016-08-20,13.75,14.09,12.93,13.1,"1,451,660","91,807,800"
2016-08-21,13.09,13.69,12.97,13.41,"1,177,950","87,463,500"
2016-08-22,13.41,14.45,13.41,14.21,"1,409,370","89,571,100"
2016-08-23,14.35,14.35,12.63,13.42,"1,404,690","95,908,200"
2016-08-24,13.49,13.62,12.95,13.28,"797,964","90,187,900"
2016-08-25,13.31,13.45,12.3,12.31,"935,742","89,033,500"
2016-08-26,12.29,12.86,11.96,12.74,"736,721","82,202,600"
2016-08-27,12.75,12.86,12.33,12.57,"2,547,960","85,354,600"
2016-08-28,12.59,12.8,12.19,12.42,"932,715","84,279,100"
2016-08-29,12.36,12.79,10.91,11.68,"1,761,660","82,747,200"
2016-08-30,11.65,11.9,11.43,11.77,"761,521","78,030,000"
2016-08-31,11.77,12.2,11.45,11.89,"961,216","78,856,900"
2016-09-01,11.89,11.93,11.37,11.45,"651,970","79,693,100"
2016-09-02,11.46,11.55,11.33,11.36,"790,593","76,804,400"
2016-09-03,11.37,11.54,10.85,11.45,"1,215,250","76,249,000"
2016-09-04,11.36,11.56,10.72,11.39,"966,253","76,192,100"
2016-09-05,11.36,11.69,11.13,11.27,"639,547","76,235,500"
2016-09-06,11.27,11.36,10.92,10.92,"532,044","75,719,300"
2016-09-07,10.94,11.4,10.83,11.28,"669,651","73,555,700"
2016-09-08,11.28,11.69,11.24,11.69,"637,683","75,879,400"
2016-09-09,11.68,11.68,11.14,11.22,"453,318","78,568,100"
2016-09-10,11.2,11.47,11.01,11.42,"748,265","75,337,800"
2016-09-11,11.42,11.62,10.96,11.14,"583,102","76,892,700"
2016-09-12,11.16,12.82,11.1,12.26,"1,357,900","75,150,600"
2016-09-13,12.31,13.0,12.1,13.0,"775,508","82,919,500"
2016-09-14,13.0,13.0,12.36,12.71,"683,059","87,620,200"
2016-09-15,12.74,12.74,12.14,12.21,"592,210","85,882,800"
2016-09-16,12.21,12.27,11.64,11.72,"519,023","82,343,700"
2016-09-17,11.72,11.93,11.54,11.78,"385,226","79,017,600"
2016-09-18,11.77,11.85,11.61,11.64,"378,121","79,397,100"
2016-09-19,11.68,11.75,11.35,11.54,"548,366","78,808,400"
2016-09-20,11.52,11.58,11.23,11.41,"447,288","77,743,400"
2016-09-21,11.47,11.72,11.17,11.53,"639,852","77,453,300"
2016-09-22,11.54,11.7,11.32,11.54,"462,190","77,970,700"
2016-09-23,11.52,11.7,11.4,11.54,"346,538","77,854,100"
2016-09-24,11.55,11.6,11.43,11.53,"248,501","78,052,900"
2016-09-25,11.52,11.66,11.46,11.55,"293,042","77,913,600"
2016-09-26,11.56,11.61,11.3,11.41,"466,947","78,189,900"
2016-09-27,11.41,11.64,11.38,11.64,"437,637","77,160,600"
2016-09-28,11.64,11.64,11.47,11.59,"380,292","78,749,100"
2016-09-29,11.59,12.15,11.58,12.01,"627,955","78,432,900"
2016-09-30,12.04,12.25,11.74,12.1,"624,527","81,564,000"
2016-10-01,12.1,12.11,11.67,11.71,"599,642","81,946,600"
2016-10-02,11.71,11.97,11.64,11.78,"418,786","79,364,000"
2016-10-03,11.79,12.27,11.78,11.89,"485,966","79,945,400"
2016-10-04,11.88,12.06,11.7,12.06,"428,041","80,553,000"
2016-10-05,12.05,12.06,11.83,12.03,"459,125","81,727,600"
2016-10-06,12.05,12.26,12.0,12.06,"572,725","81,854,800"
2016-10-07,12.05,12.13,11.75,11.87,"540,185","81,894,000"
2016-10-08,11.88,11.99,11.65,11.72,"362,282","80,713,900"
2016-10-09,11.73,11.86,11.59,11.59,"389,417","79,726,300"
2016-10-10,11.59,11.76,11.57,11.69,"342,278","78,807,400"
2016-10-11,11.69,11.84,11.48,11.73,"616,754","79,511,500"
2016-10-12,11.74,11.97,11.33,11.43,"535,850","79,911,200"
2016-10-13,11.43,11.67,11.39,11.44,"351,218","77,803,800"
2016-10-14,11.44,11.68,11.41,11.53,"434,177","77,899,700"
2016-10-15,11.52,11.63,11.05,11.1,"421,471","78,467,700"
2016-10-16,11.1,11.29,10.85,10.85,"421,644","75,628,100"
2016-10-17,10.84,10.88,10.52,10.62,"501,778","73,893,100"
2016-10-18,10.62,10.62,9.97,10.21,"622,564","72,371,800"
2016-10-19,10.2,10.46,10.13,10.29,"623,278","69,574,100"
2016-10-20,10.3,10.78,10.24,10.5,"1,118,960","70,293,600"
2016-10-21,10.55,10.87,10.46,10.77,"1,101,460","71,970,700"
2016-10-22,10.77,10.78,10.26,10.36,"1,057,070","73,483,300"
2016-10-23,10.37,10.47,9.95,9.96,"1,071,280","70,799,500"
2016-10-24,9.96,10.16,9.77,9.85,"1,138,230","68,050,400"
2016-10-25,9.86,10.0,9.08,9.41,"1,147,660","67,345,800"
2016-10-26,9.39,9.55,8.95,9.34,"1,507,430","64,195,800"
2016-10-27,9.32,9.91,9.14,9.71,"1,527,680","63,723,300"
2016-10-28,9.72,9.73,9.05,9.07,"1,102,490","66,491,500"
2016-10-29,9.07,9.36,8.05,8.61,"1,459,460","62,012,400"
2016-10-30,8.63,9.72,8.63,9.67,"1,180,810","59,059,600"
2016-10-31,9.68,9.9,9.05,9.2,"1,001,140","66,226,100"
2016-11-01,9.21,9.34,8.65,9.04,"1,334,790","63,075,600"
2016-11-02,9.01,9.36,8.8,8.94,"1,234,770","61,677,200"
2016-11-03,8.99,9.44,8.79,9.12,"1,443,680","61,580,500"
2016-11-04,9.13,9.29,8.96,9.13,"1,315,030","62,569,800"
2016-11-05,9.12,9.26,9.05,9.21,"764,091","62,557,700"
2016-11-06,9.21,9.48,9.13,9.4,"1,174,590","63,217,900"
2016-11-07,9.4,9.92,9.27,9.92,"1,597,080","64,568,400"
2016-11-08,9.88,10.49,9.7,9.76,"1,509,000","67,892,400"
2016-11-09,9.73,10.0,9.4,9.7,"951,744","66,863,400"
2016-11-10,9.67,9.76,9.53,9.67,"621,946","66,481,100"
2016-11-11,9.65,9.74,9.51,9.67,"978,517","66,375,200"
2016-11-12,9.69,9.86,9.56,9.64,"1,066,110","66,632,200"
2016-11-13,9.63,9.72,9.4,9.49,"828,714","66,259,100"
2016-11-14,9.54,9.74,9.45,9.68,"619,525","65,630,600"
2016-11-15,9.7,9.73,9.5,9.64,"899,729","66,754,800"
2016-11-16,9.64,9.67,9.1,9.45,"850,986","66,347,900"
2016-11-17,9.44,9.46,9.01,9.02,"1,037,810","65,038,700"
2016-11-18,9.02,9.11,8.79,8.95,"867,850","62,179,200"
2016-11-19,8.96,8.97,8.42,8.48,"1,120,590","61,722,700"
2016-11-20,8.5,8.61,8.32,8.51,"837,398","58,585,000"
2016-11-21,8.49,8.62,8.41,8.58,"685,102","58,578,200"
2016-11-22,8.58,8.84,8.55,8.63,"822,084","59,180,400"
2016-11-23,8.67,8.73,8.47,8.51,"798,355","59,792,300"
2016-11-24,8.44,9.14,8.34,9.13,"929,254","58,260,600"
2016-11-25,9.14,9.18,8.76,9.1,"1,170,070","63,117,400"
2016-11-26,9.11,9.13,8.79,8.9,"947,235","62,900,600"
2016-11-27,8.9,9.17,8.89,9.09,"1,058,670","61,471,600"
2016-11-28,9.07,9.14,8.95,8.96,"848,792","62,666,300"
2016-11-29,8.96,9.05,8.62,8.82,"1,402,230","61,963,800"
2016-11-30,8.82,8.95,8.75,8.91,"605,542","61,023,300"
2016-12-01,8.91,8.94,8.7,8.74,"672,328","61,634,000"
2016-12-02,8.75,8.86,8.61,8.66,"823,934","60,538,100"
2016-12-03,8.64,8.92,8.61,8.88,"939,632","59,770,500"
2016-12-04,8.87,9.01,8.66,8.82,"889,416","61,445,900"
2016-12-05,8.8,8.9,8.48,8.56,"979,175","61,042,900"
2016-12-06,8.56,8.81,8.49,8.8,"1,016,800","59,386,400"
2016-12-07,8.78,8.82,8.66,8.68,"787,296","60,880,100"
2016-12-08,8.69,8.79,8.66,8.75,"713,673","60,292,700"
2016-12-09,8.75,8.85,8.72,8.83,"870,014","60,752,100"
2016-12-10,8.84,8.93,8.81,8.88,"781,253","61,391,600"
2016-12-11,8.88,9.59,8.78,9.54,"1,065,390","61,671,200"
2016-12-12,9.52,9.66,9.07,9.1,"1,054,770","66,123,200"
2016-12-13,9.07,9.43,9.05,9.39,"971,378","63,064,100"
2016-12-14,9.4,9.42,9.1,9.16,"1,416,530","65,366,300"
2016-12-15,9.18,9.39,9.08,9.3,"1,999,050","63,821,200"
2016-12-16,9.29,9.98,9.17,9.89,"1,951,350","64,662,300"
2016-12-17,9.87,9.91,9.39,9.74,"1,964,650","68,667,100"
2016-12-18,9.72,9.94,9.64,9.89,"1,935,260","67,675,800"
2016-12-19,9.88,10.53,9.87,10.32,"2,089,000","68,822,100"
2016-12-20,10.33,10.51,10.22,10.22,"2,236,060","71,983,000"
2016-12-21,10.23,10.27,9.78,9.81,"2,189,580","71,265,200"
2016-12-22,9.84,9.93,9.21,9.79,"2,611,390","68,569,100"
2016-12-23,9.77,9.9,9.24,9.56,"2,883,150","68,143,200"
2016-12-24,9.59,10.02,9.59,9.83,"2,686,220","66,873,600"
2016-12-25,9.82,10.17,9.78,10.01,"2,578,850","68,476,200"
2016-12-26,9.98,10.17,9.7,9.7,"2,106,310","69,653,100"
2016-12-27,9.72,9.91,9.45,9.74,"2,285,700","67,846,400"
2016-12-28,9.73,10.36,9.72,10.07,"2,490,150","67,916,000"
2016-12-29,10.05,11.05,10.01,10.85,"3,237,930","70,227,400"
2016-12-30,10.83,11.44,10.72,11.11,"4,445,310","75,640,100"
2016-12-31,11.14,11.33,10.93,11.21,"3,468,330","77,833,900"
2017-01-01,11.21,11.49,10.96,11.23,"3,684,210","78,350,600"
2017-01-02,11.27,11.96,11.24,11.81,"3,800,380","78,789,700"
2017-01-03,11.81,13.05,11.81,12.78,"3,846,520","82,603,400"
2017-01-04,12.81,16.96,12.75,16.52,"4,901,250","89,664,000"
2017-01-05,16.58,17.11,12.94,14.38,"2,579,450","116,187,000"
2017-01-06,14.42,14.87,11.87,12.03,"2,262,740","101,082,000"
2017-01-07,11.96,12.59,11.39,12.44,"2,542,530","83,814,000"
2017-01-08,12.42,13.12,12.19,12.54,"3,118,970","87,104,800"
2017-01-09,12.57,12.6,12.03,12.09,"2,365,630","88,154,300"
2017-01-10,12.02,12.65,11.98,12.49,"1,391,630","84,366,800"
2017-01-11,12.47,12.8,10.83,11.3,"3,100,210","87,501,500"
2017-01-12,11.29,12.53,11.05,12.22,"8,272,830","79,295,200"
2017-01-13,12.21,12.66,11.5,12.59,"8,400,930","85,789,600"
2017-01-14,12.59,12.66,12.0,12.08,"7,960,870","88,482,900"
2017-01-15,12.08,12.55,12.02,12.39,"4,362,180","84,869,100"
2017-01-16,12.37,13.08,12.04,12.94,"3,715,630","86,960,200"
2017-01-17,12.92,14.41,12.91,14.25,"1,810,660","90,828,600"
2017-01-18,14.25,14.3,13.48,14.06,"1,510,760","100,228,000"
2017-01-19,14.12,15.28,14.12,15.18,"2,170,870","99,371,100"
2017-01-20,15.14,15.48,14.83,15.16,"2,021,010","106,564,000"
2017-01-21,15.19,15.37,14.83,14.97,"1,958,960","106,916,000"
2017-01-22,15.0,15.52,14.96,15.11,"1,918,440","105,622,000"
2017-01-23,15.13,15.32,14.99,15.19,"1,553,800","106,549,000"
2017-01-24,15.11,15.11,13.91,14.09,"2,694,720","106,493,000"
2017-01-25,14.1,14.61,13.9,14.51,"1,656,580","99,366,700"
2017-01-26,14.49,15.05,14.43,15.04,"1,348,170","102,158,000"
2017-01-27,15.06,15.41,14.99,15.34,"1,303,190","106,228,000"
2017-01-28,15.33,15.36,15.07,15.27,"1,333,010","108,155,000"
2017-01-29,15.26,15.65,15.17,15.51,"1,363,910","107,705,000"
2017-01-30,15.5,16.03,15.5,15.96,"2,046,270","109,407,000"
2017-01-31,15.93,16.22,15.78,16.07,"1,384,500","112,498,000"
2017-02-01,16.05,16.24,15.65,16.03,"2,139,000","113,338,000"
2017-02-02,15.98,16.41,15.85,16.31,"1,350,760","112,934,000"
2017-02-03,16.31,17.61,16.31,17.52,"1,818,910","115,306,000"
2017-02-04,17.55,17.74,17.28,17.62,"1,598,070","124,173,000"
2017-02-05,17.54,17.67,16.84,17.06,"1,905,980","124,154,000"
2017-02-06,17.07,17.24,16.7,17.12,"1,025,680","120,894,000"
2017-02-07,17.11,17.51,17.04,17.14,"1,388,260","121,211,000"
2017-02-08,17.14,17.4,16.85,17.35,"1,552,640","121,430,000"
2017-02-09,17.34,17.6,15.69,16.58,"1,793,860","122,937,000"
2017-02-10,16.58,16.89,15.84,16.67,"1,386,930","117,570,000"
2017-02-11,16.69,17.22,16.6,17.15,"1,216,530","118,350,000"
2017-02-12,17.15,17.15,16.83,16.91,"1,264,080","121,667,000"
2017-02-13,16.88,17.05,16.63,16.88,"1,464,030","119,800,000"
2017-02-14,16.85,18.37,16.8,18.15,"1,948,330","119,626,000"
2017-02-15,18.1,19.66,17.7,19.63,"3,355,410","128,554,000"
2017-02-16,19.64,19.81,19.14,19.52,"2,859,140","139,499,000"
2017-02-17,19.47,20.15,19.19,20.0,"1,859,180","138,366,000"
2017-02-18,20.05,21.53,20.05,21.41,"3,498,460","142,505,000"
2017-02-19,21.46,23.73,21.44,22.55,"5,688,120","152,571,000"
2017-02-20,22.6,22.94,21.24,21.59,"4,159,380","160,743,000"
2017-02-21,21.6,22.1,20.45,21.25,"4,093,200","153,668,000"
2017-02-22,21.24,22.19,20.99,22.12,"2,625,710","151,098,000"
2017-02-23,22.09,25.23,22.09,25.22,"4,664,780","157,238,000"
2017-02-24,25.05,29.38,23.79,26.2,"10,322,700","178,372,000"
2017-02-25,26.23,27.11,23.61,26.76,"7,377,240","186,832,000"
2017-02-26,26.67,28.23,25.44,28.11,"4,656,680","189,992,000"
2017-02-27,28.1,28.64,27.47,28.18,"4,064,580","200,212,000"
2017-02-28,28.24,33.38,27.95,32.51,"10,042,800","201,326,000"
2017-03-01,32.62,46.75,32.33,42.54,"31,700,200","232,593,000"
2017-03-02,42.47,58.9,37.3,42.44,"72,796,200","302,911,000"
2017-03-03,44.04,51.4,38.54,47.38,"33,651,400","314,220,000"
2017-03-04,47.17,48.81,43.35,43.38,"14,949,600","336,628,000"
2017-03-05,43.14,44.82,39.68,42.31,"12,260,100","307,986,000"
2017-03-06,42.22,47.33,42.22,46.5,"12,933,400","301,783,000"
2017-03-07,46.57,46.92,44.14,45.68,"9,034,640","332,936,000"
2017-03-08,45.55,45.6,42.15,42.33,"7,640,390","325,712,000"
2017-03-09,42.24,53.38,41.65,51.06,"21,013,500","302,128,000"
2017-03-10,51.09,54.72,47.23,50.42,"24,723,800","365,561,000"
2017-03-11,50.4,74.11,50.15,72.93,"55,127,200","360,708,000"
2017-03-12,72.71,80.79,65.98,77.08,"46,099,200","520,543,000"
2017-03-13,76.96,81.03,70.36,74.61,"36,706,700","551,120,000"
2017-03-14,74.61,91.39,73.37,88.24,"37,180,000","534,395,000"
2017-03-15,89.06,101.76,85.78,95.09,"68,173,100","638,133,000"
2017-03-16,95.42,99.21,80.53,89.81,"54,538,700","683,888,000"
2017-03-17,89.56,100.04,81.95,99.14,"44,263,600","642,049,000"
2017-03-18,101.04,120.52,95.06,109.24,"74,763,700","724,518,000"
2017-03-19,107.55,113.92,98.71,108.23,"44,670,100","771,412,000"
2017-03-20,108.16,110.66,99.53,100.05,"25,082,500","776,036,000"
2017-03-21,99.91,104.21,90.85,95.38,"40,860,300","717,014,000"
2017-03-22,95.68,111.16,89.47,101.51,"46,138,100","686,887,000"
2017-03-23,101.26,103.43,98.97,101.43,"15,500,100","727,130,000"
2017-03-24,101.58,108.86,94.87,97.27,"33,033,000","729,578,000"
2017-03-25,96.98,99.42,91.47,94.33,"23,040,200","696,738,000"
2017-03-26,94.31,95.58,91.66,93.63,"20,996,100","677,736,000"
2017-03-27,93.63,93.98,78.89,85.66,"45,830,500","673,078,000"
2017-03-28,84.28,90.63,80.93,87.89,"24,886,900","606,012,000"
2017-03-29,87.82,88.04,83.12,84.4,"18,209,000","631,616,000"
2017-03-30,84.42,84.75,77.54,79.61,"26,036,700","607,325,000"
2017-03-31,79.51,81.75,67.66,74.91,"37,471,500","572,175,000"
2017-04-01,74.3,74.3,66.85,68.6,"17,542,100","534,806,000"
2017-04-02,68.26,71.2,54.95,57.07,"26,723,500","491,501,000"
2017-04-03,56.73,65.87,47.1,61.76,"42,403,200","408,589,000"
2017-04-04,63.42,71.84,57.89,69.07,"33,869,600","456,882,000"
2017-04-05,69.12,77.6,66.35,74.37,"31,084,000","498,097,000"
2017-04-06,74.45,74.45,64.28,66.53,"21,464,900","537,046,000"
2017-04-07,66.47,69.96,64.11,66.19,"13,046,400","479,637,000"
2017-04-08,66.08,68.89,65.5,67.75,"10,316,300","476,916,000"
2017-04-09,67.8,68.29,64.55,64.7,"8,535,590","489,452,000"
2017-04-10,64.73,65.4,60.06,61.31,"12,222,700","467,460,000"
2017-04-11,61.3,62.5,59.23,60.53,"12,016,500","442,808,000"
2017-04-12,60.71,68.48,59.15,68.0,"21,914,300","438,679,000"
2017-04-13,68.1,76.26,65.76,72.57,"29,296,100","492,196,000"
2017-04-14,72.61,73.54,68.54,70.77,"15,477,900","524,892,000"
2017-04-15,70.81,77.79,69.45,75.01,"17,237,300","512,034,000"
2017-04-16,75.07,76.76,74.48,75.34,"11,539,500","542,961,000"
2017-04-17,75.32,75.97,74.2,75.64,"10,470,900","544,956,000"
2017-04-18,75.63,76.22,71.08,72.83,"14,595,000","547,341,000"
2017-04-19,72.76,75.63,72.27,72.28,"11,688,300","526,688,000"
2017-04-20,72.18,72.74,71.03,71.45,"9,144,880","522,642,000"
2017-04-21,71.48,72.8,70.57,70.88,"9,790,840","517,733,000"
2017-04-22,70.85,72.52,70.35,71.22,"9,913,170","513,274,000"
2017-04-23,71.18,72.24,68.77,68.89,"8,328,060","515,838,000"
2017-04-24,68.93,72.22,68.93,72.2,"7,918,480","499,641,000"
2017-04-25,72.19,72.94,71.62,72.07,"8,641,860","523,445,000"
2017-04-26,72.04,72.23,70.68,71.53,"8,605,760","522,517,000"
2017-04-27,71.52,80.62,71.08,78.17,"18,560,500","518,868,000"
2017-04-28,78.02,80.93,77.32,79.49,"16,201,200","566,202,000"
2017-04-29,79.67,100.46,79.67,94.95,"39,496,900","578,278,000"
2017-04-30,94.21,97.13,88.8,91.55,"19,963,300","684,050,000"
2017-05-01,91.5,96.37,84.92,88.12,"22,978,900","664,545,000"
2017-05-02,87.91,89.42,83.4,86.24,"14,430,400","638,649,000"
2017-05-03,86.24,90.46,84.0,90.08,"18,749,400","626,662,000"
2017-05-04,90.12,96.7,90.06,92.8,"26,417,800","655,081,000"
2017-05-05,92.87,105.36,92.87,99.01,"29,039,200","675,223,000"
2017-05-06,99.18,101.57,97.44,99.76,"17,201,700","721,874,000"
2017-05-07,99.53,111.68,98.42,106.28,"30,297,200","724,648,000"
2017-05-08,106.55,107.04,95.46,101.1,"26,320,700","775,962,000"
2017-05-09,101.12,103.81,82.49,93.3,"33,359,200","736,626,000"
2017-05-10,92.89,97.19,89.82,91.52,"17,906,900","676,854,000"
2017-05-11,91.62,93.94,90.14,91.54,"15,996,300","667,796,000"
2017-05-12,91.8,92.43,85.88,86.8,"15,467,900","669,279,000"
2017-05-13,86.75,89.75,83.5,89.35,"14,419,400","632,643,000"
2017-05-14,89.56,90.97,88.53,89.8,"12,006,000","653,270,000"
2017-05-15,89.88,91.9,84.6,91.49,"15,672,900","655,801,000"
2017-05-16,91.68,91.68,85.09,85.59,"14,638,900","669,083,000"
2017-05-17,85.64,85.79,81.89,83.26,"15,847,600","625,221,000"
2017-05-18,83.21,89.8,83.21,89.73,"14,126,000","607,656,000"
2017-05-19,89.87,101.1,88.77,98.98,"25,889,600","656,468,000"
2017-05-20,98.83,105.87,98.69,100.77,"22,378,100","722,090,000"
2017-05-21,100.72,102.35,98.01,102.03,"19,898,000","736,086,000"
2017-05-22,101.67,146.8,96.29,120.73,"76,089,200","743,266,000"
2017-05-23,120.38,144.18,117.86,138.07,"51,407,800","880,270,000"
2017-05-24,139.1,157.09,139.1,144.63,"47,161,500","1,017,440,000"
2017-05-25,143.2,145.14,118.68,119.63,"60,488,800","1,047,690,000"
2017-05-26,118.61,139.46,110.03,112.94,"45,411,400","868,031,000"
2017-05-27,113.35,117.76,89.05,99.2,"39,936,600","829,763,000"
2017-05-28,100.42,115.58,100.42,108.14,"39,651,700","735,254,000"
2017-05-29,107.93,119.2,105.64,117.26,"35,802,200","790,454,000"
2017-05-30,117.17,127.0,115.4,121.13,"42,919,400","858,404,000"
2017-05-31,121.85,141.84,117.98,135.97,"59,781,000","892,886,000"
2017-06-01,136.47,147.94,131.64,136.08,"46,692,500","1,000,300,000"
2017-06-02,137.08,145.88,136.33,145.29,"39,172,500","1,005,050,000"
2017-06-03,145.28,148.42,142.8,144.29,"39,144,000","1,065,460,000"
2017-06-04,143.88,143.89,140.43,143.35,"28,248,800","1,055,520,000"
2017-06-05,143.41,145.86,142.0,144.92,"40,209,200","1,053,050,000"
2017-06-06,145.43,147.96,134.27,145.19,"66,883,600","1,068,210,000"
2017-06-07,145.25,153.76,138.17,140.36,"44,240,500","1,067,130,000"
2017-06-08,140.82,146.1,139.47,145.03,"29,049,200","1,034,920,000"
2017-06-09,144.94,149.69,144.94,148.93,"28,944,700","1,065,470,000"
2017-06-10,149.13,152.48,147.84,152.0,"32,894,500","1,096,550,000"
2017-06-11,151.99,200.12,151.99,188.27,"155,786,000","1,117,860,000"
2017-06-12,187.1,197.17,162.31,170.78,"79,698,800","1,376,490,000"
2017-06-13,171.27,183.97,171.27,183.97,"51,568,400","1,260,370,000"
2017-06-14,183.65,191.58,156.18,163.21,"53,986,500","1,351,820,000"
2017-06-15,163.12,166.05,143.32,163.35,"48,167,500","1,201,030,000"
2017-06-16,163.63,167.65,158.43,166.25,"35,834,400","1,205,110,000"
2017-06-17,166.21,183.85,166.16,178.13,"58,241,000","1,224,440,000"
2017-06-18,178.52,193.93,176.12,193.53,"77,003,000","1,315,450,000"
2017-06-19,193.21,208.42,192.88,201.26,"98,763,400","1,424,100,000"
2017-06-20,201.37,203.71,180.61,187.91,"58,960,400","1,484,670,000"
2017-06-21,187.77,188.09,175.04,178.81,"40,445,100","1,384,740,000"
2017-06-22,179.29,183.33,175.72,177.06,"37,412,700","1,322,590,000"
2017-06-23,177.03,193.47,177.03,189.26,"42,975,000","1,306,270,000"
2017-06-24,189.31,190.52,178.61,182.62,"35,863,100","1,397,190,000"
2017-06-25,182.35,183.43,169.3,172.88,"36,111,800","1,346,200,000"
2017-06-26,172.96,175.91,149.22,162.89,"40,405,300","1,277,190,000"
2017-06-27,162.89,176.02,153.94,176.02,"48,931,600","1,203,160,000"
2017-06-28,177.01,185.97,174.59,184.13,"27,008,600","1,307,820,000"
2017-06-29,183.17,184.48,176.72,177.17,"42,548,600","1,353,710,000"
2017-06-30,177.3,184.58,177.3,181.77,"48,166,300","1,310,690,000"
2017-07-01,181.66,182.29,165.63,165.71,"42,283,100","1,343,300,000"
2017-07-02,165.61,174.1,163.99,173.49,"33,257,700","1,224,910,000"
2017-07-03,173.37,182.58,171.91,180.79,"40,038,200","1,282,650,000"
2017-07-04,180.22,187.3,180.22,183.06,"51,222,900","1,333,710,000"
2017-07-05,183.05,212.66,181.06,209.48,"93,285,800","1,354,980,000"
2017-07-06,210.34,227.89,205.37,213.17,"114,292,000","1,558,330,000"
2017-07-07,212.72,213.08,194.8,196.46,"59,581,400","1,576,370,000"
2017-07-08,196.15,211.31,187.21,209.2,"41,486,800","1,454,000,000"
2017-07-09,209.64,212.48,195.64,195.64,"44,286,500","1,554,430,000"
2017-07-10,195.99,197.38,170.06,174.4,"38,824,100","1,453,580,000"
2017-07-11,173.63,180.37,159.99,165.73,"44,860,900","1,288,140,000"
2017-07-12,165.03,179.89,159.54,179.89,"30,198,600","1,224,620,000"
2017-07-13,179.83,182.61,169.57,171.24,"24,269,400","1,334,790,000"
2017-07-14,171.48,171.91,156.49,161.08,"26,831,900","1,273,130,000"
2017-07-15,161.28,163.44,139.91,140.14,"30,810,000","1,197,760,000"
2017-07-16,139.65,143.54,119.17,132.64,"35,385,900","1,037,360,000"
2017-07-17,132.34,154.91,132.34,153.85,"32,658,200","983,325,000"
2017-07-18,154.5,165.7,146.25,158.07,"28,103,500","1,148,330,000"
2017-07-19,157.98,170.25,153.87,155.65,"28,281,400","1,174,490,000"
2017-07-20,154.85,193.87,154.85,188.59,"98,932,600","1,151,530,000"
2017-07-21,188.58,193.8,180.68,185.86,"32,884,200","1,402,760,000"
2017-07-22,186.13,195.55,185.55,195.31,"23,312,700","1,384,830,000"
2017-07-23,195.02,195.74,187.26,191.03,"31,110,400","1,451,390,000"
2017-07-24,191.11,216.62,187.29,204.02,"90,278,800","1,422,690,000"
2017-07-25,204.04,212.4,189.03,195.52,"84,970,400","1,519,340,000"
2017-07-26,195.49,200.88,189.33,194.37,"38,380,000","1,456,070,000"
2017-07-27,195.08,199.43,192.47,194.09,"26,363,200","1,453,370,000"
2017-07-28,194.0,196.91,181.57,185.61,"30,108,800","1,445,720,000"
2017-07-29,185.11,187.66,169.34,185.25,"40,505,200","1,379,860,000"
2017-07-30,185.45,187.95,172.47,172.82,"25,327,200","1,382,710,000"
2017-07-31,173.15,180.05,171.76,178.51,"29,249,300","1,291,390,000"
2017-08-01,179.2,186.23,177.26,184.75,"34,656,300","1,336,810,000"
2017-08-02,185.16,186.24,181.42,182.93,"19,076,200","1,381,630,000"
2017-08-03,183.17,189.19,180.28,186.99,"25,612,400","1,367,150,000"
2017-08-04,186.92,189.96,186.13,186.97,"28,791,800","1,395,520,000"
2017-08-05,186.96,195.55,185.73,193.83,"41,127,900","1,397,060,000"
2017-08-06,193.71,195.0,188.43,189.13,"25,336,000","1,447,880,000"
2017-08-07,189.07,197.91,187.05,197.19,"32,441,600","1,413,570,000"
2017-08-08,196.58,205.5,194.97,203.84,"35,117,200","1,470,120,000"
2017-08-09,203.74,205.87,193.33,199.21,"31,657,100","1,524,040,000"
2017-08-10,199.56,205.54,195.78,200.96,"30,972,000","1,493,200,000"
2017-08-11,200.82,209.11,199.59,205.79,"28,677,400","1,502,990,000"
2017-08-12,206.22,210.64,201.38,205.49,"30,017,500","1,543,820,000"
2017-08-13,205.59,207.19,192.14,198.17,"36,281,800","1,539,490,000"
2017-08-14,198.32,202.89,195.35,199.44,"29,888,400","1,485,500,000"
2017-08-15,199.8,206.13,192.73,203.52,"37,532,600","1,496,920,000"
2017-08-16,203.85,233.53,198.92,232.02,"63,100,100","1,527,710,000"
2017-08-17,231.58,260.6,229.08,233.62,"98,375,500","1,736,000,000"
2017-08-18,233.84,240.41,219.42,224.28,"50,324,200","1,753,350,000"
2017-08-19,224.67,329.98,224.67,288.7,"220,487,000","1,685,040,000"
2017-08-20,288.2,327.25,287.82,294.2,"107,973,000","2,162,080,000"
2017-08-21,293.77,300.52,275.94,279.58,"58,023,900","2,204,480,000"
2017-08-22,280.29,299.98,260.53,291.5,"74,971,200","2,103,900,000"
2017-08-23,290.46,299.14,287.73,292.57,"47,798,300","2,180,790,000"
2017-08-24,292.96,315.37,291.19,315.37,"58,804,500","2,200,130,000"
2017-08-25,317.91,320.65,306.68,315.89,"53,632,700","2,388,160,000"
2017-08-26,315.28,409.77,315.28,399.85,"267,415,000","2,369,010,000"
2017-08-27,400.42,400.63,358.23,362.89,"121,516,000","3,009,530,000"
2017-08-28,362.5,369.19,351.24,356.78,"57,630,700","2,725,220,000"
2017-08-29,357.16,367.34,354.49,359.55,"50,014,900","2,685,760,000"
2017-08-30,359.59,375.7,358.69,368.34,"44,586,300","2,704,790,000"
2017-08-31,368.57,380.34,368.18,378.32,"34,978,600","2,773,030,000"
2017-09-01,377.92,393.35,376.34,393.35,"55,440,700","2,844,110,000"
2017-09-02,393.53,395.92,329.27,350.17,"54,813,400","2,962,400,000"
2017-09-03,354.63,373.08,338.23,356.39,"34,945,200","2,670,270,000"
2017-09-04,356.94,357.21,301.84,316.13,"44,170,200","2,689,920,000"
2017-09-05,316.88,333.83,286.53,327.23,"53,928,800","2,388,710,000"
2017-09-06,328.15,348.45,326.95,347.17,"35,294,300","2,474,300,000"
2017-09-07,346.45,347.57,333.8,343.91,"24,715,700","2,612,980,000"
2017-09-08,343.53,368.17,317.95,333.21,"63,012,500","2,591,570,000"
2017-09-09,334.95,335.13,313.69,323.14,"23,244,600","2,527,540,000"
2017-09-10,323.24,323.24,295.86,320.11,"27,435,400","2,439,780,000"
2017-09-11,322.02,332.12,315.91,318.4,"25,159,900","2,431,230,000"
2017-09-12,318.42,328.6,318.42,325.97,"27,190,400","2,404,680,000"
2017-09-13,324.72,325.16,287.25,301.29,"28,322,500","2,452,930,000"
2017-09-14,301.11,303.74,236.24,236.24,"35,013,800","2,275,100,000"
2017-09-15,236.05,300.11,220.51,284.36,"72,695,500","1,784,040,000"
2017-09-16,284.5,301.23,276.57,298.86,"43,702,600","2,150,800,000"
2017-09-17,298.59,315.58,278.17,313.84,"38,081,600","2,257,850,000"
2017-09-18,311.89,335.44,311.89,333.0,"56,189,000","2,359,070,000"
2017-09-19,333.64,334.27,312.91,324.26,"34,362,500","2,524,200,000"
2017-09-20,323.78,351.19,316.72,342.43,"74,246,200","2,450,240,000"
2017-09-21,342.41,369.07,321.81,330.05,"146,454,000","2,591,910,000"
2017-09-22,331.11,355.75,331.11,346.58,"90,613,000","2,507,060,000"
2017-09-23,346.76,358.44,342.39,350.79,"55,928,100","2,626,220,000"
2017-09-24,350.4,358.04,331.17,331.85,"111,537,000","2,654,460,000"
2017-09-25,330.63,346.35,330.63,345.09,"58,356,100","2,505,380,000"
2017-09-26,345.08,349.49,338.35,339.1,"45,406,700","2,615,520,000"
2017-09-27,338.69,348.49,337.57,346.43,"52,033,700","2,567,810,000"
2017-09-28,345.97,346.54,328.83,338.25,"49,620,000","2,623,640,000"
2017-09-29,337.93,338.89,318.7,327.7,"38,011,000","2,563,340,000"
2017-09-30,327.34,331.81,326.16,327.14,"27,802,400","2,483,630,000"
2017-10-01,326.94,327.5,315.76,315.8,"25,835,800","2,481,300,000"
2017-10-02,315.95,320.79,306.57,308.69,"29,696,600","2,398,500,000"
2017-10-03,308.56,310.21,291.7,296.24,"37,104,400","2,342,990,000"
2017-10-04,296.74,315.79,296.74,305.46,"40,983,500","2,255,220,000"
2017-10-05,305.39,307.54,296.74,305.4,"27,180,400","2,321,550,000"
2017-10-06,305.25,311.21,304.36,306.88,"22,935,800","2,321,080,000"
2017-10-07,307.54,314.22,303.77,310.49,"27,552,700","2,339,080,000"
2017-10-08,310.25,315.02,301.11,302.48,"33,683,300","2,360,300,000"
2017-10-09,299.7,300.84,271.83,283.67,"52,085,800","2,280,670,000"
2017-10-10,283.55,296.02,280.08,291.27,"32,941,200","2,158,330,000"
2017-10-11,291.41,301.5,286.64,298.4,"26,434,900","2,218,760,000"
2017-10-12,298.12,298.4,290.04,291.91,"42,625,600","2,270,420,000"
2017-10-13,292.39,311.69,289.19,310.38,"69,258,500","2,227,330,000"
2017-10-14,310.23,319.02,306.94,316.69,"43,951,700","2,363,830,000"
2017-10-15,317.01,317.01,294.34,309.51,"45,301,300","2,416,140,000"
2017-10-16,309.46,310.98,300.75,302.21,"38,139,700","2,359,250,000"
2017-10-17,302.28,304.33,298.17,299.88,"42,569,400","2,305,090,000"
2017-10-18,300.02,300.19,280.05,297.26,"38,693,900","2,288,450,000"
2017-10-19,297.85,300.16,291.89,295.47,"30,741,800","2,272,420,000"
2017-10-20,295.41,301.66,288.19,289.19,"47,125,400","2,254,410,000"
2017-10-21,288.95,290.12,272.08,277.86,"47,244,600","2,205,720,000"
2017-10-22,277.93,283.88,269.73,275.7,"46,070,400","2,122,130,000"
2017-10-23,275.44,291.24,263.91,284.23,"52,259,300","2,103,630,000"
2017-10-24,283.94,302.65,277.2,293.2,"59,674,600","2,169,120,000"
2017-10-25,294.47,298.78,283.92,289.14,"43,986,700","2,250,180,000"
2017-10-26,289.03,292.41,282.78,286.13,"49,309,000","2,209,130,000"
2017-10-27,286.14,289.13,279.33,280.48,"38,421,900","2,187,650,000"
2017-10-28,281.42,287.92,272.36,275.69,"47,092,100","2,152,090,000"
2017-10-29,275.25,288.6,275.25,283.93,"75,483,100","2,105,420,000"
2017-10-30,283.65,287.69,282.32,285.94,"40,805,700","2,170,290,000"
2017-10-31,285.39,286.21,278.73,279.15,"50,260,500","2,184,110,000"
2017-11-01,278.5,279.67,270.77,271.56,"50,960,300","2,131,960,000"
2017-11-02,271.79,272.78,251.56,265.31,"72,437,900","2,081,130,000"
2017-11-03,263.89,281.39,262.98,278.59,"62,984,900","2,021,200,000"
2017-11-04,278.58,280.96,271.31,274.68,"49,462,600","2,135,920,000"
2017-11-05,274.33,277.0,270.29,273.17,"41,028,900","2,103,900,000"
2017-11-06,273.47,280.44,268.46,275.68,"60,053,700","2,097,820,000"
2017-11-07,274.87,304.55,274.87,293.38,"92,431,200","2,109,120,000"
2017-11-08,293.04,316.63,289.09,316.33,"103,556,000","2,249,050,000"
2017-11-09,315.48,337.23,311.82,326.01,"110,840,000","2,421,910,000"
2017-11-10,325.27,353.36,308.46,329.57,"116,352,000","2,497,710,000"
2017-11-11,331.43,349.08,321.04,346.06,"88,651,000","2,545,670,000"
2017-11-12,345.68,536.12,327.8,536.12,"476,198,000","2,655,840,000"
2017-11-13,507.05,530.94,403.5,427.37,"310,886,000","3,896,620,000"
2017-11-14,428.31,447.92,408.95,427.54,"123,854,000","3,292,370,000"
2017-11-15,428.08,444.38,418.47,424.41,"103,157,000","3,291,450,000"
2017-11-16,424.51,427.85,412.84,418.18,"97,321,300","3,264,810,000"
2017-11-17,420.59,436.02,412.45,424.98,"95,099,300","3,235,510,000"
2017-11-18,424.35,483.1,423.25,454.74,"145,255,000","3,265,280,000"
2017-11-19,455.36,455.66,431.79,442.31,"82,954,600","3,504,790,000"
2017-11-20,442.03,502.53,438.42,486.54,"104,701,000","3,403,030,000"
2017-11-21,500.24,519.42,454.48,494.21,"245,163,000","3,852,180,000"
2017-11-22,494.76,594.53,494.29,578.85,"381,958,000","3,810,980,000"
2017-11-23,577.25,583.73,557.12,566.68,"173,698,000","4,447,480,000"
2017-11-24,564.34,573.2,553.58,566.63,"129,105,000","4,349,120,000"
2017-11-25,566.96,656.13,566.96,643.57,"242,807,000","4,370,400,000"
2017-11-26,641.46,646.28,617.74,621.62,"145,500,000","4,945,950,000"
2017-11-27,621.15,638.95,611.79,632.3,"134,862,000","4,790,590,000"
2017-11-28,632.44,637.06,616.31,626.42,"149,795,000","4,878,960,000"
2017-11-29,626.26,815.01,625.37,677.39,"415,879,000","4,832,510,000"
2017-11-30,681.13,826.95,670.99,786.93,"498,872,000","5,257,210,000"
2017-12-01,787.47,806.37,756.48,797.53,"286,044,000","6,079,550,000"
2017-12-02,797.9,802.12,769.39,778.43,"188,147,000","6,161,690,000"
2017-12-03,778.78,806.7,744.39,768.88,"192,447,000","6,015,560,000"
2017-12-04,770.57,778.05,738.59,774.01,"152,281,000","5,957,860,000"
2017-12-05,774.71,779.98,754.27,756.36,"201,103,000","5,991,370,000"
2017-12-06,756.01,785.18,692.02,700.07,"249,073,000","5,848,270,000"
2017-12-07,699.99,714.51,667.83,697.9,"249,305,000","5,416,260,000"
2017-12-08,700.68,766.04,659.86,726.67,"288,291,000","5,423,040,000"
2017-12-09,727.64,774.65,707.32,723.61,"211,738,000","5,633,100,000"
2017-12-10,723.23,723.83,645.16,688.67,"190,183,000","5,600,430,000"
2017-12-11,688.55,768.93,688.15,765.4,"184,131,000","5,333,190,000"
2017-12-12,765.96,948.65,746.94,932.03,"370,539,000","5,934,340,000"
2017-12-13,925.02,931.21,810.96,886.88,"268,426,000","7,168,440,000"
2017-12-14,884.21,968.47,866.63,941.11,"259,303,000","6,853,970,000"
2017-12-15,943.32,947.28,850.63,900.52,"191,527,000","7,313,960,000"
2017-12-16,901.22,1001.51,897.29,1001.51,"195,788,000","6,989,350,000"
2017-12-17,1014.51,1178.18,1014.51,1105.92,"460,594,000","7,869,960,000"
2017-12-18,1110.16,1195.74,1044.76,1167.12,"278,638,000","8,614,190,000"
2017-12-19,1165.03,1254.28,1126.85,1186.63,"302,869,000","9,042,190,000"
2017-12-20,1184.92,1642.22,1167.3,1550.85,"816,872,000","9,198,860,000"
2017-12-21,1555.59,1622.26,1371.39,1434.82,"476,900,000","12,079,600,000"
2017-12-22,1441.9,1452.45,864.37,1179.01,"510,588,000","11,199,600,000"
2017-12-23,1198.74,1362.96,1160.04,1275.5,"327,129,000","9,313,260,000"
2017-12-24,1286.73,1286.73,1090.21,1184.69,"230,643,000","9,999,390,000"
2017-12-25,1190.53,1235.22,1162.45,1175.89,"195,124,000","9,254,180,000"
2017-12-26,1173.71,1227.72,1169.34,1222.83,"231,985,000","9,125,790,000"
2017-12-27,1227.95,1255.25,1163.47,1189.89,"211,339,000","9,549,870,000"
2017-12-28,1188.51,1188.67,1063.81,1160.57,"190,296,000","9,245,510,000"
2017-12-29,1165.88,1187.55,1070.62,1147.95,"195,177,000","9,071,760,000"
2017-12-30,1147.48,1147.48,948.24,1011.47,"184,834,000","8,930,900,000"
2017-12-31,1002.99,1093.39,985.1,1051.68,"154,690,000","7,808,250,000"
2018-01-01,1054.07,1072.42,1016.57,1053.98,"138,567,000","8,207,990,000"
2018-01-02,1055.14,1241.7,1055.14,1217.72,"257,110,000","8,218,420,000"
2018-01-03,1208.84,1216.57,1144.69,1170.74,"175,843,000","9,422,640,000"
2018-01-04,1173.71,1316.86,1097.56,1229.79,"284,845,000","9,151,080,000"
2018-01-05,1221.63,1273.36,1151.11,1152.41,"237,504,000","9,527,170,000"
2018-01-06,1157.09,1279.47,1147.49,1265.03,"215,058,000","9,026,110,000"
2018-01-07,1266.43,1394.28,1266.43,1285.43,"230,576,000","9,881,510,000"
2018-01-08,1283.36,1320.28,1007.55,1087.75,"215,239,000","10,016,200,000"
2018-01-09,1085.75,1134.49,1055.21,1111.86,"220,569,000","8,476,040,000"
2018-01-10,1115.48,1117.33,1041.39,1106.36,"231,944,000","8,710,310,000"
2018-01-11,1103.03,1110.68,973.07,1007.88,"176,591,000","8,615,280,000"
2018-01-12,1013.06,1069.42,982.91,1054.87,"142,442,000","7,914,550,000"
2018-01-13,1054.88,1125.29,1054.88,1100.26,"174,387,000","8,243,350,000"
2018-01-14,1098.06,1110.54,996.49,1014.07,"168,878,000","8,582,900,000"
2018-01-15,1006.43,1030.9,939.19,939.19,"179,247,000","7,868,670,000"
2018-01-16,937.57,937.57,644.54,759.62,"273,462,000","7,332,160,000"
2018-01-17,758.29,827.18,619.58,793.57,"197,477,000","5,931,600,000"
2018-01-18,800.02,892.0,760.48,835.49,"172,729,000","6,259,570,000"
2018-01-19,833.3,875.4,805.67,846.16,"126,837,000","6,521,630,000"
2018-01-20,853.05,959.04,848.98,926.12,"162,376,000","6,677,870,000"
2018-01-21,928.13,930.18,802.41,818.27,"109,775,000","7,267,440,000"
2018-01-22,825.69,847.58,710.57,763.2,"100,651,000","6,466,930,000"
2018-01-23,763.13,796.99,692.93,757.34,"110,265,000","5,978,460,000"
2018-01-24,757.11,797.54,734.41,775.11,"116,898,000","5,932,760,000"
2018-01-25,788.77,819.09,782.13,795.65,"114,378,000","6,182,430,000"
2018-01-26,793.92,815.83,741.85,782.41,"100,517,000","6,224,310,000"
2018-01-27,782.87,788.67,753.37,773.84,"115,618,000","6,139,280,000"
2018-01-28,777.05,815.91,767.28,812.24,"122,949,000","6,095,130,000"
2018-01-29,811.84,818.31,747.13,767.69,"114,750,000","6,369,620,000"
2018-01-30,767.73,781.68,675.32,676.91,"112,419,000","6,025,040,000"
2018-01-31,678.93,699.31,654.86,697.46,"97,657,100","5,329,560,000"
2018-02-01,698.79,704.55,582.21,617.04,"109,256,000","5,486,820,000"
2018-02-02,616.62,616.62,453.43,586.88,"143,263,000","4,842,830,000"
2018-02-03,589.17,645.85,533.25,637.37,"83,763,700","4,631,430,000"
